15um_t1.png,15um_t10.png,15um_t99.6.png,laser15um_t1.png,laser15um_t10.png,laser15um_t99.6.png,T1_Resta,T10_Resta,T99.6_Resta,T10_Escalada,T99.6_Escalada
0.010648627,0.009241961,0.028857648,0.010648627,0.010648627,0.028857648,0.0,-0.0014066659,0.0,-0.00014066658,0.0
0.010648627,0.011764706,0.028857648,0.010648627,0.010648627,0.028857648,0.0,0.0011160793,0.0,0.00011160793,0.0
0.010648627,0.011764706,0.028857648,0.010648627,0.013171373,0.028857648,0.0,-0.0014066668,0.0,-0.00014066669,0.0
0.010648627,0.011199215,0.028857648,0.010648627,0.013171373,0.028292159,0.0,-0.0019721575,0.00056548975,-0.00019721575,5.677608e-06
0.010648627,0.011199215,0.028857648,0.010648627,0.011199215,0.028292159,0.0,0.0,0.00056548975,0.0,5.677608e-06
0.010648627,0.011199215,0.028857648,0.010648627,0.008676471,0.025486667,0.0,0.0025227442,0.0033709817,0.00025227442,3.3845197e-05
0.010648627,0.011199215,0.028857648,0.010648627,0.008676471,0.025486667,0.0,0.0025227442,0.0033709817,0.00025227442,3.3845197e-05
0.010648627,0.011764706,0.028857648,0.010648627,0.011199215,0.028292159,0.0,0.0005654907,0.00056548975,5.654907e-05,5.677608e-06
0.010648627,0.011764706,0.034185883,0.010648627,0.011199215,0.028292159,0.0,0.0005654907,0.005893724,5.654907e-05,5.9173937e-05
0.010648627,0.011764706,0.034185883,0.010648627,0.011199215,0.028292159,0.0,0.0005654907,0.005893724,5.654907e-05,5.9173937e-05
0.010648627,0.011764706,0.034185883,0.010648627,0.011199215,0.028292159,0.0,0.0005654907,0.005893724,5.654907e-05,5.9173937e-05
0.010648627,0.011764706,0.028857648,0.010648627,0.011199215,0.028857648,0.0,0.0005654907,0.0,5.654907e-05,0.0
0.010648627,0.011764706,0.028857648,0.010648627,0.013171373,0.028857648,0.0,-0.0014066668,0.0,-0.00014066669,0.0
0.010648627,0.011764706,0.028857648,0.010648627,0.013171373,0.028292159,0.0,-0.0014066668,0.00056548975,-0.00014066669,5.677608e-06
0.010648627,0.009241961,0.034185883,0.010648627,0.013171373,0.028292159,0.0,-0.003929412,0.005893724,-0.0003929412,5.9173937e-05
0.010648627,0.009241961,0.028857648,0.010648627,0.013171373,0.028292159,0.0,-0.003929412,0.00056548975,-0.0003929412,5.677608e-06
0.010648627,0.011764706,0.028857648,0.010648627,0.011199215,0.028292159,0.0,0.0005654907,0.00056548975,5.654907e-05,5.677608e-06
0.010648627,0.011764706,0.028857648,0.010648627,0.011199215,0.028857648,0.0,0.0005654907,0.0,5.654907e-05,0.0
0.010648627,0.011764706,0.028857648,0.010648627,0.013171373,0.028857648,0.0,-0.0014066668,0.0,-0.00014066669,0.0
0.010648627,0.011764706,0.028292159,0.010648627,0.013171373,0.028292159,0.0,-0.0014066668,0.0,-0.00014066669,0.0
0.010648627,0.011764706,0.028292159,0.010648627,0.013171373,0.028292159,0.0,-0.0014066668,0.0,-0.00014066669,0.0
0.010648627,0.011764706,0.028292159,0.010648627,0.013171373,0.028292159,0.0,-0.0014066668,0.0,-0.00014066669,0.0
0.010648627,0.011764706,0.028292159,0.010648627,0.013171373,0.028292159,0.0,-0.0014066668,0.0,-0.00014066669,0.0
0.010648627,0.011764706,0.028857648,0.010648627,0.010648627,0.028857648,0.0,0.0011160793,0.0,0.00011160793,0.0
0.010648627,0.011764706,0.028857648,0.010648627,0.010648627,0.028857648,0.0,0.0011160793,0.0,0.00011160793,0.0
0.010648627,0.011764706,0.028857648,0.010648627,0.013171373,0.028292159,0.0,-0.0014066668,0.00056548975,-0.00014066669,5.677608e-06
0.010648627,0.011764706,0.028857648,0.010648627,0.013171373,0.028292159,0.0,-0.0014066668,0.00056548975,-0.00014066669,5.677608e-06
0.010648627,0.011764706,0.028857648,0.010648627,0.013171373,0.028292159,0.0,-0.0014066668,0.00056548975,-0.00014066669,5.677608e-06
0.010648627,0.013736864,0.034185883,0.010648627,0.013171373,0.028292159,0.0,0.0005654907,0.005893724,5.654907e-05,5.9173937e-05
0.010648627,0.013736864,0.028857648,0.010648627,0.010648627,0.028857648,0.0,0.0030882368,0.0,0.00030882368,0.0
0.010648627,0.013736864,0.028857648,0.010648627,0.010648627,0.028857648,0.0,0.0030882368,0.0,0.00030882368,0.0
0.010648627,0.013736864,0.028857648,0.010648627,0.010648627,0.028857648,0.0,0.0030882368,0.0,0.00030882368,0.0
0.010648627,0.011764706,0.028857648,0.010648627,0.008676471,0.028857648,0.0,0.003088235,0.0,0.00030882348,0.0
0.010648627,0.011764706,0.028857648,0.010648627,0.011199215,0.028857648,0.0,0.0005654907,0.0,5.654907e-05,0.0
0.010648627,0.011764706,0.034185883,0.010648627,0.013171373,0.028857648,0.0,-0.0014066668,0.0053282343,-0.00014066669,5.349633e-05
0.010648627,0.011764706,0.028857648,0.010648627,0.013171373,0.028857648,0.0,-0.0014066668,0.0,-0.00014066669,0.0
0.010648627,0.011764706,0.028857648,0.010648627,0.013171373,0.028857648,0.0,-0.0014066668,0.0,-0.00014066669,0.0
0.010648627,0.011199215,0.028857648,0.010648627,0.013171373,0.028857648,0.0,-0.0019721575,0.0,-0.00019721575,0.0
0.010648627,0.011199215,0.02969098,0.010648627,0.011199215,0.028857648,0.0,0.0,0.00083333254,0.0,8.366793e-06
0.010648627,0.011199215,0.02969098,0.010648627,0.011199215,0.034185883,0.0,0.0,-0.0044949017,0.0,-4.5129535e-05
0.010648627,0.011199215,0.028857648,0.010648627,0.011199215,0.034185883,0.0,0.0,-0.0053282343,0.0,-5.349633e-05
0.010648627,0.011764706,0.028857648,0.010648627,0.011199215,0.028857648,0.0,0.0005654907,0.0,5.654907e-05,0.0
0.010648627,0.011764706,0.028857648,0.010648627,0.011199215,0.028857648,0.0,0.0005654907,0.0,5.654907e-05,0.0
0.010648627,0.009241961,0.028857648,0.010648627,0.011199215,0.028857648,0.0,-0.0019572545,0.0,-0.00019572544,0.0
0.010648627,0.009241961,0.028857648,0.010648627,0.011199215,0.028857648,0.0,-0.0019572545,0.0,-0.00019572544,0.0
0.010648627,0.011764706,0.028857648,0.010648627,0.008676471,0.028857648,0.0,0.003088235,0.0,0.00030882348,0.0
0.010648627,0.011764706,0.028857648,0.010648627,0.010648627,0.028857648,0.0,0.0011160793,0.0,0.00011160793,0.0
0.010648627,0.011764706,0.028857648,0.010648627,0.010648627,0.028857648,0.0,0.0011160793,0.0,0.00011160793,0.0
0.010648627,0.011764706,0.028857648,0.010648627,0.010648627,0.028857648,0.0,0.0011160793,0.0,0.00011160793,0.0
0.010648627,0.011764706,0.034185883,0.010648627,0.013171373,0.028857648,0.0,-0.0014066668,0.0053282343,-0.00014066669,5.349633e-05
0.010648627,0.011764706,0.034185883,0.010648627,0.010648627,0.028857648,0.0,0.0011160793,0.0053282343,0.00011160793,5.349633e-05
0.010648627,0.011764706,0.028857648,0.010648627,0.010648627,0.028857648,0.0,0.0011160793,0.0,0.00011160793,0.0
0.010648627,0.011764706,0.028857648,0.010648627,0.013171373,0.028857648,0.0,-0.0014066668,0.0,-0.00014066669,0.0
0.010648627,0.011764706,0.034185883,0.010648627,0.013171373,0.028292159,0.0,-0.0014066668,0.005893724,-0.00014066669,5.9173937e-05
0.010648627,0.009241961,0.028857648,0.010648627,0.013171373,0.028292159,0.0,-0.003929412,0.00056548975,-0.0003929412,5.677608e-06
0.010648627,0.009241961,0.028857648,0.010648627,0.013171373,0.028292159,0.0,-0.003929412,0.00056548975,-0.0003929412,5.677608e-06
0.010648627,0.013736864,0.034185883,0.010648627,0.013171373,0.028292159,0.0,0.0005654907,0.005893724,5.654907e-05,5.9173937e-05
0.010648627,0.013736864,0.028857648,0.010648627,0.010648627,0.028857648,0.0,0.0030882368,0.0,0.00030882368,0.0
0.010648627,0.013736864,0.028857648,0.010648627,0.010648627,0.028857648,0.0,0.0030882368,0.0,0.00030882368,0.0
0.010648627,0.013736864,0.034185883,0.010648627,0.013171373,0.034185883,0.0,0.0005654907,0.0,5.654907e-05,0.0
0.010648627,0.011764706,0.034185883,0.010648627,0.013171373,0.028857648,0.0,-0.0014066668,0.0053282343,-0.00014066669,5.349633e-05
0.010648627,0.011764706,0.034185883,0.010648627,0.013171373,0.028857648,0.0,-0.0014066668,0.0053282343,-0.00014066669,5.349633e-05
0.010648627,0.011764706,0.034185883,0.010648627,0.013171373,0.034185883,0.0,-0.0014066668,0.0,-0.00014066669,0.0
0.010648627,0.011764706,0.028857648,0.010648627,0.013171373,0.034185883,0.0,-0.0014066668,-0.0053282343,-0.00014066669,-5.349633e-05
0.010648627,0.013736864,0.028857648,0.010648627,0.013171373,0.034185883,0.0,0.0005654907,-0.0053282343,5.654907e-05,-5.349633e-05
0.010648627,0.013736864,0.028857648,0.010648627,0.010648627,0.028857648,0.0,0.0030882368,0.0,0.00030882368,0.0
0.010648627,0.013736864,0.028857648,0.010648627,0.010648627,0.028857648,0.0,0.0030882368,0.0,0.00030882368,0.0
0.010648627,0.013736864,0.028857648,0.010648627,0.010648627,0.028857648,0.0,0.0030882368,0.0,0.00030882368,0.0
0.010648627,0.011764706,0.028857648,0.010648627,0.008676471,0.028857648,0.0,0.003088235,0.0,0.00030882348,0.0
0.010648627,0.011764706,0.028857648,0.010648627,0.008676471,0.028857648,0.0,0.003088235,0.0,0.00030882348,0.0
0.010648627,0.011764706,0.028857648,0.010648627,0.013171373,0.028857648,0.0,-0.0014066668,0.0,-0.00014066669,0.0
0.010648627,0.011764706,0.028857648,0.010648627,0.010648627,0.034185883,0.0,0.0011160793,-0.0053282343,0.00011160793,-5.349633e-05
0.010648627,0.011764706,0.028857648,0.010648627,0.010648627,0.034185883,0.0,0.0011160793,-0.0053282343,0.00011160793,-5.349633e-05
0.010648627,0.011199215,0.034185883,0.010648627,0.010648627,0.028857648,0.0,0.0005505886,0.0053282343,5.505886e-05,5.349633e-05
0.010648627,0.011199215,0.034185883,0.010648627,0.008676471,0.028857648,0.0,0.0025227442,0.0053282343,0.00025227442,5.349633e-05
0.010648627,0.011199215,0.034185883,0.010648627,0.011199215,0.028857648,0.0,0.0,0.0053282343,0.0,5.349633e-05
0.010648627,0.011199215,0.034185883,0.010648627,0.011199215,0.028857648,0.0,0.0,0.0053282343,0.0,5.349633e-05
0.010648627,0.011764706,0.028857648,0.010648627,0.011199215,0.034185883,0.0,0.0005654907,-0.0053282343,5.654907e-05,-5.349633e-05
0.010648627,0.013736864,0.028857648,0.010648627,0.011199215,0.028857648,0.0,0.0025376482,0.0,0.00025376483,0.0
0.010648627,0.013171373,0.028857648,0.010648627,0.011199215,0.028857648,0.0,0.0019721575,0.0,0.00019721575,0.0
0.010648627,0.013171373,0.028857648,0.010648627,0.013171373,0.028857648,0.0,0.0,0.0,0.0,0.0
0.010648627,0.013171373,0.034185883,0.010648627,0.013171373,0.028857648,0.0,0.0,0.0053282343,0.0,5.349633e-05
0.010648627,0.013171373,0.034185883,0.010648627,0.013171373,0.028857648,0.0,0.0,0.0053282343,0.0,5.349633e-05
0.010648627,0.013736864,0.034185883,0.010648627,0.013171373,0.028857648,0.0,0.0005654907,0.0053282343,5.654907e-05,5.349633e-05
0.010648627,0.013736864,0.034185883,0.010648627,0.013171373,0.034185883,0.0,0.0005654907,0.0,5.654907e-05,0.0
0.010648627,0.013736864,0.034185883,0.010648627,0.013171373,0.028857648,0.0,0.0005654907,0.0053282343,5.654907e-05,5.349633e-05
0.010648627,0.011764706,0.034185883,0.010648627,0.013171373,0.028857648,0.0,-0.0014066668,0.0053282343,-0.00014066669,5.349633e-05
0.010648627,0.011764706,0.034185883,0.010648627,0.013171373,0.034185883,0.0,-0.0014066668,0.0,-0.00014066669,0.0
0.010648627,0.013736864,0.034185883,0.010648627,0.013171373,0.034185883,0.0,0.0005654907,0.0,5.654907e-05,0.0
0.010648627,0.013736864,0.028857648,0.010648627,0.010648627,0.028857648,0.0,0.0030882368,0.0,0.00030882368,0.0
0.010648627,0.013736864,0.028857648,0.010648627,0.010648627,0.028857648,0.0,0.0030882368,0.0,0.00030882368,0.0
0.010648627,0.013736864,0.034185883,0.010648627,0.013171373,0.028857648,0.0,0.0005654907,0.0053282343,5.654907e-05,5.349633e-05
0.010648627,0.011764706,0.034185883,0.010648627,0.011199215,0.034185883,0.0,0.0005654907,0.0,5.654907e-05,0.0
0.010648627,0.011764706,0.034185883,0.010648627,0.008676471,0.028857648,0.0,0.003088235,0.0053282343,0.00030882348,5.349633e-05
0.010648627,0.011764706,0.034185883,0.010648627,0.008676471,0.028857648,0.0,0.003088235,0.0053282343,0.00030882348,5.349633e-05
0.010648627,0.011764706,0.028857648,0.010648627,0.011199215,0.034185883,0.0,0.0005654907,-0.0053282343,5.654907e-05,-5.349633e-05
0.010648627,0.011764706,0.028857648,0.010648627,0.011199215,0.028857648,0.0,0.0005654907,0.0,5.654907e-05,0.0
0.010648627,0.011764706,0.034185883,0.013171373,0.011199215,0.028857648,-0.002522746,0.0005654907,0.0053282343,5.654907e-05,5.349633e-05
0.010648627,0.011764706,0.034185883,0.013171373,0.011199215,0.034185883,-0.002522746,0.0005654907,0.0,5.654907e-05,0.0
0.010648627,0.011764706,0.034185883,0.010648627,0.011199215,0.034185883,0.0,0.0005654907,0.0,5.654907e-05,0.0
0.010648627,0.011764706,0.034185883,0.010648627,0.010648627,0.034185883,0.0,0.0011160793,0.0,0.00011160793,0.0
0.010648627,0.011764706,0.034185883,0.010648627,0.010648627,0.033620395,0.0,0.0011160793,0.0005654879,0.00011160793,5.6775893e-06
0.010648627,0.011764706,0.034185883,0.010648627,0.010648627,0.028292159,0.0,0.0011160793,0.005893724,0.00011160793,5.9173937e-05
0.010648627,0.011764706,0.034185883,0.010648627,0.013171373,0.028292159,0.0,-0.0014066668,0.005893724,-0.00014066669,5.9173937e-05
0.010648627,0.011764706,0.028857648,0.010648627,0.013171373,0.033620395,0.0,-0.0014066668,-0.0047627464,-0.00014066669,-4.781874e-05
0.010648627,0.011764706,0.028857648,0.010648627,0.013171373,0.033620395,0.0,-0.0014066668,-0.0047627464,-0.00014066669,-4.781874e-05
0.010648627,0.011764706,0.035019215,0.010648627,0.013171373,0.033620395,0.0,-0.0014066668,0.0013988204,-0.00014066669,1.4044382e-05
0.010648627,0.011764706,0.035019215,0.010648627,0.013171373,0.033620395,0.0,-0.0014066668,0.0013988204,-0.00014066669,1.4044382e-05
0.010648627,0.011764706,0.034185883,0.010648627,0.013171373,0.033620395,0.0,-0.0014066668,0.0005654879,-0.00014066669,5.6775893e-06
0.010648627,0.011764706,0.034185883,0.010648627,0.013171373,0.034185883,0.0,-0.0014066668,0.0,-0.00014066669,0.0
0.010648627,0.011764706,0.034185883,0.010648627,0.013171373,0.034185883,0.0,-0.0014066668,0.0,-0.00014066669,0.0
0.010648627,0.011764706,0.034185883,0.010648627,0.013171373,0.034185883,0.0,-0.0014066668,0.0,-0.00014066669,0.0
0.010648627,0.011764706,0.034185883,0.010648627,0.011199215,0.035019215,0.0,0.0005654907,-0.00083333254,5.654907e-05,-8.366793e-06
0.010648627,0.011764706,0.034185883,0.010648627,0.011199215,0.035019215,0.0,0.0005654907,-0.00083333254,5.654907e-05,-8.366793e-06
0.010648627,0.011764706,0.034185883,0.010648627,0.013171373,0.035019215,0.0,-0.0014066668,-0.00083333254,-0.00014066669,-8.366793e-06
0.010648627,0.011764706,0.034185883,0.010648627,0.013736864,0.035019215,0.0,-0.0019721575,-0.00083333254,-0.00019721575,-8.366793e-06
0.010648627,0.011764706,0.034185883,0.010648627,0.013736864,0.034185883,0.0,-0.0019721575,0.0,-0.00019721575,0.0
0.010648627,0.011764706,0.034185883,0.010648627,0.013171373,0.034185883,0.0,-0.0014066668,0.0,-0.00014066669,0.0
0.010648627,0.011764706,0.036708627,0.010648627,0.011199215,0.034185883,0.0,0.0005654907,0.0025227442,5.654907e-05,2.5328758e-05
0.010648627,0.011764706,0.036708627,0.010648627,0.011199215,0.028857648,0.0,0.0005654907,0.0078509785,5.654907e-05,7.882508e-05
0.010648627,0.011764706,0.035019215,0.010648627,0.011199215,0.02969098,0.0,0.0005654907,0.0053282343,5.654907e-05,5.349633e-05
0.010648627,0.011764706,0.03754196,0.010648627,0.011199215,0.035019215,0.0,0.0005654907,0.0025227442,5.654907e-05,2.5328758e-05
0.010648627,0.011764706,0.03754196,0.010648627,0.011199215,0.035019215,0.0,0.0005654907,0.0025227442,5.654907e-05,2.5328758e-05
0.010648627,0.011764706,0.03754196,0.010648627,0.011199215,0.035019215,0.0,0.0005654907,0.0025227442,5.654907e-05,2.5328758e-05
0.010648627,0.011764706,0.03754196,0.010648627,0.010648627,0.034185883,0.0,0.0011160793,0.0033560768,0.00011160793,3.369555e-05
0.010648627,0.011764706,0.03754196,0.010648627,0.010648627,0.034185883,0.0,0.0011160793,0.0033560768,0.00011160793,3.369555e-05
0.010648627,0.011764706,0.035019215,0.010648627,0.013171373,0.034185883,0.0,-0.0014066668,0.00083333254,-0.00014066669,8.366793e-06
0.010648627,0.011764706,0.035019215,0.010648627,0.013171373,0.034185883,0.0,-0.0014066668,0.00083333254,-0.00014066669,8.366793e-06
0.010648627,0.011764706,0.03754196,0.010648627,0.013171373,0.035019215,0.0,-0.0014066668,0.0025227442,-0.00014066669,2.5328758e-05
0.010648627,0.011764706,0.03754196,0.010648627,0.013171373,0.02969098,0.0,-0.0014066668,0.0078509785,-0.00014066669,7.882508e-05
0.010648627,0.011764706,0.036708627,0.013171373,0.013171373,0.028857648,-0.002522746,-0.0014066668,0.0078509785,-0.00014066669,7.882508e-05
0.010648627,0.011764706,0.04203686,0.010648627,0.013171373,0.033620395,0.0,-0.0014066668,0.008416466,-0.00014066669,8.450267e-05
0.010648627,0.011764706,0.04203686,0.010648627,0.013171373,0.033620395,0.0,-0.0014066668,0.008416466,-0.00014066669,8.450267e-05
0.010648627,0.011764706,0.03754196,0.010648627,0.013171373,0.033620395,0.0,-0.0014066668,0.0039215647,-0.00014066669,3.937314e-05
0.010648627,0.011764706,0.03754196,0.010648627,0.011199215,0.033620395,0.0,0.0005654907,0.0039215647,5.654907e-05,3.937314e-05
0.010648627,0.011764706,0.043152936,0.010648627,0.011199215,0.034185883,0.0,0.0005654907,0.008967053,5.654907e-05,9.0030655e-05
0.010648627,0.013736864,0.037824705,0.010648627,0.013171373,0.034185883,0.0,0.0005654907,0.0036388226,5.654907e-05,3.6534362e-05
0.010648627,0.013736864,0.037824705,0.010648627,0.013171373,0.034185883,0.0,0.0005654907,0.0036388226,5.654907e-05,3.6534362e-05
0.010648627,0.013736864,0.037824705,0.010648627,0.013171373,0.034185883,0.0,0.0005654907,0.0036388226,5.654907e-05,3.6534362e-05
0.010648627,0.013736864,0.042870194,0.010648627,0.013171373,0.034185883,0.0,0.0005654907,0.008684311,5.654907e-05,8.719188e-05
0.010648627,0.011764706,0.042870194,0.010648627,0.010648627,0.034185883,0.0,0.0011160793,0.008684311,0.00011160793,8.719188e-05
0.010648627,0.011764706,0.042870194,0.010648627,0.010648627,0.034185883,0.0,0.0011160793,0.008684311,0.00011160793,8.719188e-05
0.010648627,0.011764706,0.045675687,0.010648627,0.010648627,0.035019215,0.0,0.0011160793,0.010656472,0.00011160793,0.000106992695
0.010648627,0.011764706,0.04595843,0.010648627,0.010648627,0.035019215,0.0,0.0011160793,0.010939214,0.00011160793,0.00010983147
0.010648627,0.011764706,0.043152936,0.010648627,0.008676471,0.035019215,0.0,0.003088235,0.008133721,0.00030882348,8.1663864e-05
0.010648627,0.011764706,0.04595843,0.010648627,0.011199215,0.035019215,0.0,0.0005654907,0.010939214,5.654907e-05,0.00010983147
0.010648627,0.011764706,0.04595843,0.010648627,0.011199215,0.035019215,0.0,0.0005654907,0.010939214,5.654907e-05,0.00010983147
0.010648627,0.011764706,0.051286668,0.010648627,0.011199215,0.035019215,0.0,0.0005654907,0.016267452,5.654907e-05,0.00016332784
0.010648627,0.013736864,0.051286668,0.010648627,0.011199215,0.035019215,0.0,0.0025376482,0.016267452,0.00025376483,0.00016332784
0.010648627,0.013736864,0.05297608,0.010648627,0.011199215,0.035019215,0.0,0.0025376482,0.017956864,0.00025376483,0.0001802898
0.010648627,0.013736864,0.059420396,0.010648627,0.011199215,0.03754196,0.0,0.0025376482,0.021878436,0.00025376483,0.00021966302
0.010648627,0.013736864,0.053809416,0.010648627,0.011199215,0.035019215,0.0,0.0025376482,0.0187902,0.00025376483,0.00018865663
0.010648627,0.011764706,0.053809416,0.013171373,0.011199215,0.034185883,-0.002522746,0.0005654907,0.019623533,5.654907e-05,0.00019702343
0.010648627,0.017375687,0.051286668,0.010648627,0.011199215,0.034185883,0.0,0.0061764717,0.017100785,0.0006176472,0.00017169463
0.010648627,0.017375687,0.051286668,0.010648627,0.011199215,0.034185883,0.0,0.0061764717,0.017100785,0.0006176472,0.00017169463
0.010648627,0.011199215,0.05297608,0.010648627,0.008676471,0.034185883,0.0,0.0025227442,0.018790197,0.00025227442,0.0001886566
0.010648627,0.011199215,0.05297608,0.010648627,0.010648627,0.034185883,0.0,0.0005505886,0.018790197,5.505886e-05,0.0001886566
0.010648627,0.016810197,0.056347057,0.010648627,0.013171373,0.034185883,0.0,0.0036388244,0.022161175,0.00036388246,0.00022250175
0.010648627,0.016810197,0.06503137,0.010648627,0.013171373,0.034185883,0.0,0.0036388244,0.03084549,0.00036388246,0.00030969369
0.010648627,0.017375687,0.06783686,0.010648627,0.013171373,0.034185883,0.0,0.004204314,0.033650976,0.00042043143,0.00033786122
0.010648627,0.017375687,0.06783686,0.010648627,0.013171373,0.035019215,0.0,0.004204314,0.032817643,0.00042043143,0.00032949442
0.010648627,0.017375687,0.06503137,0.010648627,0.013171373,0.035019215,0.0,0.004204314,0.030012157,0.00042043143,0.0003013269
0.010648627,0.017375687,0.07960941,0.010648627,0.013171373,0.035019215,0.0,0.004204314,0.044590194,0.00042043143,0.00044769273
0.010648627,0.017375687,0.10402549,0.010648627,0.013171373,0.035019215,0.0,0.004204314,0.06900628,0.00042043143,0.00069283415
0.010648627,0.017375687,0.09644236,0.010648627,0.013171373,0.035019215,0.0,0.004204314,0.06142314,0.00042043143,0.00061669823
0.010648627,0.017375687,0.0824149,0.010648627,0.013171373,0.035019215,0.0,0.004204314,0.047395688,0.00042043143,0.00047586032
0.010648627,0.017375687,0.07960941,0.010648627,0.013171373,0.035019215,0.0,0.004204314,0.044590194,0.00042043143,0.00044769273
0.010648627,0.017375687,0.0824149,0.010648627,0.013171373,0.03754196,0.0,0.004204314,0.044872943,0.00042043143,0.00045053157
0.010648627,0.017375687,0.09083137,0.010648627,0.011199215,0.036708627,0.0,0.0061764717,0.054122742,0.0006176472,0.00054340105
0.010648627,0.017375687,0.09924785,0.010648627,0.011199215,0.034185883,0.0,0.0061764717,0.06506197,0.0006176472,0.0006532327
0.010648627,0.017375687,0.12449726,0.010648627,0.013171373,0.034185883,0.0,0.004204314,0.09031138,0.00042043143,0.0009067408
0.010648627,0.017375687,0.112441964,0.010648627,0.013171373,0.034185883,0.0,0.004204314,0.078256086,0.00042043143,0.00078570365
0.010648627,0.01989843,0.088308625,0.010648627,0.013171373,0.035019215,0.0,0.0067270566,0.05328941,0.00067270565,0.0005350342
0.010648627,0.01989843,0.0801749,0.010648627,0.013736864,0.035019215,0.0,0.006161566,0.045155685,0.0006161566,0.00045337033
0.010648627,0.01989843,0.09083137,0.010648627,0.011764706,0.03754196,0.0,0.008133723,0.05328941,0.0008133723,0.0005350342
0.010648627,0.01989843,0.09841452,0.010648627,0.011199215,0.035019215,0.0,0.008699214,0.06339531,0.0008699214,0.0006364991
0.010648627,0.01989843,0.10766432,0.010648627,0.011199215,0.035019215,0.0,0.008699214,0.0726451,0.0008699214,0.0007293685
0.010648627,0.017375687,0.1132753,0.010648627,0.011199215,0.035019215,0.0,0.0061764717,0.078256086,0.0006176472,0.00078570365
0.010648627,0.017375687,0.09924785,0.010648627,0.011199215,0.035019215,0.0,0.0061764717,0.06422864,0.0006176472,0.00064486585
0.010648627,0.01989843,0.09727569,0.010648627,0.011199215,0.035019215,0.0,0.008699214,0.062256474,0.0008699214,0.000625065
0.010648627,0.01989843,0.09755843,0.010648627,0.011199215,0.034185883,0.0,0.008699214,0.06337255,0.0008699214,0.0006362706
0.010648627,0.01989843,0.10485882,0.010648627,0.011199215,0.034185883,0.0,0.008699214,0.070672944,0.0008699214,0.00070956774
0.010648627,0.025226668,0.12169176,0.010648627,0.011199215,0.034185883,0.0,0.014027452,0.08750588,0.0014027453,0.0008785731
0.010648627,0.01989843,0.12449726,0.010648627,0.011199215,0.034185883,0.0,0.008699214,0.09031138,0.0008699214,0.0009067408
0.010648627,0.01989843,0.11608078,0.010648627,0.011199215,0.035019215,0.0,0.008699214,0.08106157,0.0008699214,0.0008138712
0.010648627,0.025226668,0.10766432,0.010648627,0.011764706,0.03754196,0.0,0.013461961,0.07012236,0.0013461962,0.00070403976
0.010648627,0.025226668,0.11608078,0.010648627,0.011764706,0.03754196,0.0,0.013461961,0.07853882,0.0013461962,0.0007885424
0.010648627,0.01989843,0.13291372,0.010648627,0.011199215,0.03754196,0.0,0.008699214,0.09537177,0.0008699214,0.00095754786
0.010648627,0.017375687,0.12449726,0.010648627,0.011199215,0.03754196,0.0,0.0061764717,0.086955294,0.0006176472,0.0008730451
0.010648627,0.01989843,0.11608078,0.010648627,0.011199215,0.03754196,0.0,0.008699214,0.07853882,0.0008699214,0.0007885424
0.010648627,0.025226668,0.11608078,0.010648627,0.011199215,0.034185883,0.0,0.014027452,0.081894904,0.0014027453,0.000822238
0.010648627,0.01989843,0.122525096,0.010648627,0.011199215,0.034185883,0.0,0.008699214,0.08833921,0.0008699214,0.0008869399
0.010648627,0.01989843,0.13094157,0.010648627,0.011199215,0.034185883,0.0,0.008699214,0.09675568,0.0008699214,0.0009714426
0.010648627,0.01989843,0.13374707,0.010648627,0.011199215,0.034185883,0.0,0.008699214,0.099561185,0.0008699214,0.0009996103
0.010648627,0.01989843,0.14777452,0.010648627,0.011199215,0.03754196,0.0,0.008699214,0.11023256,0.0008699214,0.0011067527
0.010648627,0.01989843,0.14216353,0.010648627,0.011199215,0.03754196,0.0,0.008699214,0.104621574,0.0008699214,0.0010504174
0.010648627,0.01989843,0.10849765,0.010648627,0.013171373,0.035019215,0.0,0.0067270566,0.07347843,0.00067270565,0.00073773524
0.010648627,0.017375687,0.09924785,0.010648627,0.013171373,0.035019215,0.0,0.004204314,0.06422864,0.00042043143,0.00064486585
0.010648627,0.017375687,0.10766432,0.010648627,0.013171373,0.03754196,0.0,0.004204314,0.07012236,0.00042043143,0.00070403976
0.010648627,0.017375687,0.09727569,0.010648627,0.013171373,0.035019215,0.0,0.004204314,0.062256474,0.00042043143,0.000625065
0.010648627,0.01989843,0.082980394,0.010648627,0.011199215,0.035019215,0.0,0.008699214,0.04796118,0.0008699214,0.00048153795
0.010648627,0.01989843,0.09700785,0.010648627,0.011199215,0.03754196,0.0,0.008699214,0.05946589,0.0008699214,0.0005970471
0.010648627,0.017375687,0.11524745,0.010648627,0.011199215,0.03754196,0.0,0.0061764717,0.07770549,0.0006176472,0.0007801756
0.010648627,0.017375687,0.12449726,0.010648627,0.011199215,0.03754196,0.0,0.0061764717,0.086955294,0.0006176472,0.0008730451
0.010648627,0.01989843,0.1253306,0.010648627,0.013171373,0.035019215,0.0,0.0067270566,0.09031138,0.00067270565,0.0009067408
0.010648627,0.017375687,0.13094157,0.010648627,0.010648627,0.035019215,0.0,0.0067270603,0.09592235,0.00067270605,0.00096307584
0.010648627,0.017375687,0.116914116,0.010648627,0.010648627,0.035019215,0.0,0.0067270603,0.081894904,0.00067270605,0.000822238
0.010648627,0.017375687,0.10849765,0.010648627,0.013171373,0.03754196,0.0,0.004204314,0.07095569,0.00042043143,0.0007124066
0.010648627,0.017375687,0.12169176,0.010648627,0.011199215,0.035019215,0.0,0.0061764717,0.086672544,0.0006176472,0.0008702063
0.010648627,0.017375687,0.11608078,0.010648627,0.011199215,0.035019215,0.0,0.0061764717,0.08106157,0.0006176472,0.0008138712
0.010648627,0.017375687,0.09841452,0.010648627,0.011199215,0.035019215,0.0,0.0061764717,0.06339531,0.0006176472,0.0006364991
0.013171373,0.017375687,0.09644236,0.010648627,0.011199215,0.03754196,0.002522746,0.0061764717,0.058900397,0.0006176472,0.00059136946
0.010648627,0.017375687,0.09083137,0.010648627,0.011199215,0.03754196,0.0,0.0061764717,0.05328941,0.0006176472,0.0005350342
0.010648627,0.011764706,0.0801749,0.013171373,0.011764706,0.035019215,-0.002522746,0.0,0.045155685,0.0,0.00045337033
0.010648627,0.017375687,0.082980394,0.013171373,0.011764706,0.035019215,-0.002522746,0.005610981,0.04796118,0.0005610981,0.00048153795
0.010648627,0.017375687,0.10485882,0.010648627,0.011764706,0.035019215,0.0,0.005610981,0.06983961,0.0005610981,0.0007012009
0.010648627,0.017375687,0.09727569,0.010648627,0.013736864,0.03754196,0.0,0.0036388235,0.05973373,0.00036388234,0.00059973623
0.010648627,0.01989843,0.088859215,0.010648627,0.013736864,0.042870194,0.0,0.006161566,0.04598902,0.0006161566,0.00046173716
0.010648627,0.01989843,0.09924785,0.010648627,0.013736864,0.03754196,0.0,0.006161566,0.06170589,0.0006161566,0.0006195371
0.010648627,0.017375687,0.09727569,0.010648627,0.013736864,0.03754196,0.0,0.0036388235,0.05973373,0.00036388234,0.00059973623
0.010648627,0.017375687,0.0916647,0.010648627,0.011764706,0.03754196,0.0,0.005610981,0.054122742,0.0005610981,0.00054340105
0.010648627,0.017375687,0.09924785,0.010648627,0.011199215,0.03754196,0.0,0.0061764717,0.06170589,0.0006176472,0.0006195371
0.010648627,0.017375687,0.09644236,0.010648627,0.011199215,0.03754196,0.0,0.0061764717,0.058900397,0.0006176472,0.00059136946
0.010648627,0.017375687,0.0824149,0.010648627,0.011199215,0.03754196,0.0,0.0061764717,0.044872943,0.0006176472,0.00045053157
0.010648627,0.017375687,0.08802588,0.010648627,0.013171373,0.03754196,0.0,0.004204314,0.050483923,0.00042043143,0.0005068667
0.010648627,0.017375687,0.0916647,0.010648627,0.013171373,0.03754196,0.0,0.004204314,0.054122742,0.00042043143,0.00054340105
0.010648627,0.017375687,0.10485882,0.010648627,0.013171373,0.03754196,0.0,0.004204314,0.06731686,0.00042043143,0.0006758721
0.010648627,0.01989843,0.10766432,0.010648627,0.013171373,0.03754196,0.0,0.0067270566,0.07012236,0.00067270565,0.00070403976
0.010648627,0.01989843,0.11608078,0.010648627,0.013171373,0.03754196,0.0,0.0067270566,0.07853882,0.00067270565,0.0007885424
0.013171373,0.01989843,0.10766432,0.010648627,0.010648627,0.03754196,0.002522746,0.009249803,0.07012236,0.00092498027,0.00070403976
0.010648627,0.01989843,0.09869726,0.010648627,0.010648627,0.03754196,0.0,0.009249803,0.0611553,0.00092498027,0.00061400904
0.010648627,0.01989843,0.10402549,0.010648627,0.013736864,0.037824705,0.0,0.006161566,0.066200785,0.0006161566,0.0006646665
0.010648627,0.01989843,0.11608078,0.010648627,0.013736864,0.037824705,0.0,0.006161566,0.07825608,0.0006161566,0.0007857036
0.010648627,0.01989843,0.13291372,0.010648627,0.013171373,0.03754196,0.0,0.0067270566,0.09537177,0.00067270565,0.00095754786
0.010648627,0.01989843,0.1253306,0.010648627,0.011199215,0.03754196,0.0,0.008699214,0.08778864,0.0008699214,0.00088141207
0.010648627,0.01989843,0.13935804,0.010648627,0.011199215,0.03754196,0.0,0.008699214,0.10181609,0.0008699214,0.0010222499
0.010648627,0.01989843,0.15535764,0.010648627,0.011199215,0.042870194,0.0,0.008699214,0.11248745,0.0008699214,0.0011293921
0.013171373,0.01989843,0.15535764,0.010648627,0.011199215,0.043152936,0.002522746,0.008699214,0.11220471,0.0008699214,0.0011265533
0.013171373,0.01989843,0.13094157,0.010648627,0.011199215,0.043152936,0.002522746,0.008699214,0.087788634,0.0008699214,0.000881412
0.010648627,0.025226668,0.12335843,0.010648627,0.011199215,0.043152936,0.0,0.014027452,0.08020549,0.0014027453,0.00080527604
0.010648627,0.025226668,0.12896942,0.010648627,0.011199215,0.037824705,0.0,0.014027452,0.09114471,0.0014027453,0.00091510755
0.010648627,0.025226668,0.13094157,0.010648627,0.011199215,0.037824705,0.0,0.014027452,0.093116865,0.0014027453,0.0009349083
0.010648627,0.01989843,0.13094157,0.010648627,0.011199215,0.037824705,0.0,0.008699214,0.093116865,0.0008699214,0.0009349083
0.010648627,0.01989843,0.13374707,0.010648627,0.011199215,0.042870194,0.0,0.008699214,0.09087688,0.0008699214,0.0009124185
0.010648627,0.025226668,0.15535764,0.010648627,0.011199215,0.042870194,0.0,0.014027452,0.11248745,0.0014027453,0.0011293921
0.010648627,0.025226668,0.15058,0.010648627,0.011199215,0.03754196,0.0,0.014027452,0.11303805,0.0014027453,0.0011349202
0.013171373,0.01989843,0.13374707,0.010648627,0.011199215,0.03754196,0.002522746,0.008699214,0.096205115,0.0008699214,0.0009659148
0.013171373,0.020463921,0.14580236,0.010648627,0.011199215,0.03754196,0.002522746,0.009264706,0.10826041,0.00092647056,0.0010869519
0.010648627,0.025792157,0.17863491,0.010648627,0.011199215,0.042870194,0.0,0.014592942,0.13576472,0.0014592942,0.0013630996
0.010648627,0.028032158,0.19152354,0.010648627,0.011199215,0.042870194,0.0,0.016832942,0.14865334,0.0016832942,0.0014925034
0.010648627,0.028032158,0.16627412,0.010648627,0.013171373,0.03754196,0.0,0.014860785,0.12873216,0.0014860785,0.0012924916
0.010648627,0.028032158,0.15338549,0.010648627,0.013171373,0.03754196,0.0,0.014860785,0.115843534,0.0014860785,0.0011630877
0.010648627,0.028032158,0.15619099,0.010648627,0.013171373,0.03754196,0.0,0.014860785,0.118649036,0.0014860785,0.0011912554
0.013171373,0.025226668,0.14860785,0.010648627,0.013171373,0.03754196,0.002522746,0.012055295,0.111065894,0.0012055294,0.0011151194
0.010648627,0.01989843,0.14746903,0.010648627,0.011199215,0.03754196,0.0,0.008699214,0.10992707,0.0008699214,0.0011036855
0.010648627,0.025226668,0.16627412,0.010648627,0.011199215,0.043152936,0.0,0.014027452,0.12312118,0.0014027453,0.0012361564
0.013171373,0.01989843,0.20191216,0.010648627,0.011199215,0.04595843,0.002522746,0.008699214,0.15595374,0.0008699214,0.0015658006
0.013171373,0.01989843,0.19713452,0.010648627,0.011199215,0.045675687,0.002522746,0.008699214,0.15145883,0.0008699214,0.001520671
0.010648627,0.025226668,0.16627412,0.010648627,0.011199215,0.042870194,0.0,0.014027452,0.12340392,0.0014027453,0.0012389952
0.010648627,0.025792157,0.19994001,0.010648627,0.011199215,0.042870194,0.0,0.014592942,0.15706982,0.0014592942,0.0015770062
0.013171373,0.028597647,0.21313412,0.010648627,0.011199215,0.042870194,0.002522746,0.017398432,0.17026393,0.0017398432,0.0017094773
0.013171373,0.025792157,0.18030158,0.010648627,0.011199215,0.03754196,0.002522746,0.014592942,0.14275962,0.0014592942,0.0014333295
0.010648627,0.025792157,0.16149648,0.010648627,0.011199215,0.042870194,0.0,0.014592942,0.11862628,0.0014592942,0.001191027
0.010648627,0.025792157,0.18113491,0.013171373,0.011199215,0.045675687,-0.002522746,0.014592942,0.13545921,0.0014592942,0.0013600322
0.013171373,0.025792157,0.22238393,0.010648627,0.013171373,0.042870194,0.002522746,0.012620784,0.17951374,0.0012620784,0.0018023468
0.013171373,0.025226668,0.21116197,0.010648627,0.013171373,0.043152936,0.002522746,0.012055295,0.16800904,0.0012055294,0.0016868378
0.013171373,0.025226668,0.14830236,0.010648627,0.013171373,0.043152936,0.002522746,0.012055295,0.105149426,0.0012055294,0.0010557171
0.013171373,0.025226668,0.15588549,0.010648627,0.013171373,0.043152936,0.002522746,0.012055295,0.11273255,0.0012055294,0.001131853
0.010648627,0.025226668,0.18955138,0.010648627,0.013171373,0.037824705,0.0,0.012055295,0.15172668,0.0012055294,0.0015233603
0.010648627,0.028597647,0.19516237,0.010648627,0.013171373,0.037824705,0.0,0.015426274,0.15733767,0.0015426275,0.0015796955
0.013171373,0.033925883,0.1931902,0.010648627,0.011199215,0.037824705,0.002522746,0.022726668,0.1553655,0.002272667,0.0015598945
0.010648627,0.03336039,0.18955138,0.010648627,0.011199215,0.03754196,0.0,0.022161176,0.15200943,0.0022161177,0.001526199
0.010648627,0.025226668,0.18955138,0.010648627,0.011199215,0.03754196,0.0,0.014027452,0.15200943,0.0014027453,0.001526199
0.010648627,0.025226668,0.2027455,0.010648627,0.011199215,0.042870194,0.0,0.014027452,0.1598753,0.0014027453,0.0016051738
0.010648627,0.025226668,0.18674588,0.010648627,0.011199215,0.045675687,0.0,0.014027452,0.14107019,0.0014027453,0.0014163674
0.010648627,0.020463921,0.16991295,0.010648627,0.011199215,0.043152936,0.0,0.009264706,0.12676,0.00092647056,0.0012726908
0.013171373,0.025792157,0.20191216,0.010648627,0.011199215,0.043152936,0.002522746,0.014592942,0.15875924,0.0014592942,0.0015939682
0.013171373,0.028032158,0.18674588,0.010648627,0.011199215,0.043152936,0.002522746,0.016832942,0.14359295,0.0016832942,0.0014416963
0.013171373,0.025226668,0.14466353,0.010648627,0.011199215,0.043152936,0.002522746,0.014027452,0.10151059,0.0014027453,0.0010191826
0.013171373,0.025226668,0.14580236,0.010648627,0.011199215,0.042870194,0.002522746,0.014027452,0.10293217,0.0014027453,0.0010334555
0.010648627,0.025226668,0.14860785,0.010648627,0.013171373,0.042870194,0.0,0.012055295,0.10573766,0.0012055294,0.0010616231
0.010648627,0.01989843,0.14860785,0.010648627,0.013171373,0.042870194,0.0,0.0067270566,0.10573766,0.00067270565,0.0010616231
0.010648627,0.01989843,0.1718851,0.010648627,0.013171373,0.042870194,0.0,0.0067270566,0.12901491,0.00067270565,0.0012953305
0.010648627,0.01989843,0.20471765,0.010648627,0.013736864,0.043152936,0.0,0.006161566,0.16156471,0.0006161566,0.0016221356
0.010648627,0.01989843,0.1814404,0.010648627,0.011764706,0.043152936,0.0,0.008133723,0.13828745,0.0008133723,0.0013884283
0.010648627,0.01989843,0.13738589,0.010648627,0.011199215,0.037824705,0.0,0.008699214,0.099561185,0.0008699214,0.0009996103
0.010648627,0.01989843,0.14777452,0.010648627,0.011199215,0.043152936,0.0,0.008699214,0.10462158,0.0008699214,0.0010504175
0.010648627,0.01989843,0.15816313,0.010648627,0.011199215,0.04595843,0.0,0.008699214,0.1122047,0.0008699214,0.0011265533
0.013171373,0.01989843,0.122525096,0.010648627,0.011199215,0.04595843,0.002522746,0.008699214,0.07656667,0.0008699214,0.00076874165
0.010648627,0.01989843,0.116914116,0.010648627,0.011199215,0.043152936,0.0,0.008699214,0.07376118,0.0008699214,0.0007405741
0.010648627,0.01989843,0.13374707,0.010648627,0.011199215,0.043152936,0.0,0.008699214,0.090594135,0.0008699214,0.0009095797
0.010648627,0.01989843,0.13935804,0.010648627,0.011199215,0.043152936,0.0,0.008699214,0.09620511,0.0008699214,0.00096591475
0.010648627,0.01989843,0.13935804,0.010648627,0.011199215,0.043152936,0.0,0.008699214,0.09620511,0.0008699214,0.00096591475
0.010648627,0.01989843,0.13374707,0.010648627,0.011199215,0.04595843,0.0,0.008699214,0.08778864,0.0008699214,0.00088141207
0.010648627,0.01989843,0.1253306,0.010648627,0.011199215,0.043152936,0.0,0.008699214,0.08217766,0.0008699214,0.00082507695
0.010648627,0.017375687,0.10766432,0.010648627,0.011764706,0.042870194,0.0,0.005610981,0.06479412,0.0005610981,0.0006505434
0.010648627,0.017375687,0.11608078,0.013171373,0.013736864,0.042870194,-0.002522746,0.0036388235,0.07321059,0.00036388234,0.0007350461
0.010648627,0.017375687,0.1132753,0.010648627,0.013171373,0.045675687,0.0,0.004204314,0.06759961,0.00042043143,0.00067871093
0.010648627,0.01989843,0.10766432,0.010648627,0.013171373,0.045675687,0.0,0.0067270566,0.06198863,0.00067270565,0.0006223758
0.010648627,0.01989843,0.12449726,0.010648627,0.013171373,0.042870194,0.0,0.0067270566,0.08162706,0.00067270565,0.00081954885
0.010648627,0.01989843,0.116914116,0.010648627,0.011199215,0.042870194,0.0,0.008699214,0.07404392,0.0008699214,0.0007434129
0.010648627,0.01989843,0.10849765,0.010648627,0.011199215,0.042870194,0.0,0.008699214,0.065627456,0.0008699214,0.0006589102
0.013171373,0.01989843,0.10766432,0.013171373,0.011199215,0.042870194,0.0,0.008699214,0.06479412,0.0008699214,0.0006505434
0.010648627,0.01989843,0.09727569,0.013171373,0.011199215,0.042870194,-0.002522746,0.008699214,0.054405496,0.0008699214,0.0005462399
0.010648627,0.01989843,0.09083137,0.010648627,0.011199215,0.042870194,0.0,0.008699214,0.047961175,0.0008699214,0.00048153792
0.010648627,0.01989843,0.0916647,0.010648627,0.011199215,0.045675687,0.0,0.008699214,0.045989014,0.0008699214,0.0004617371
0.010648627,0.01989843,0.088859215,0.010648627,0.011199215,0.045675687,0.0,0.008699214,0.043183528,0.0008699214,0.00043356957
0.010648627,0.017375687,0.0916647,0.010648627,0.011199215,0.043152936,0.0,0.0061764717,0.048511766,0.0006176472,0.00048706593
0.010648627,0.017375687,0.09841452,0.010648627,0.011199215,0.043152936,0.0,0.0061764717,0.055261582,0.0006176472,0.0005548352
0.010648627,0.017375687,0.09841452,0.010648627,0.011199215,0.043152936,0.0,0.0061764717,0.055261582,0.0006176472,0.0005548352
0.010648627,0.017375687,0.112441964,0.010648627,0.011199215,0.043152936,0.0,0.0061764717,0.06928903,0.0006176472,0.000695673
0.010648627,0.01989843,0.10402549,0.010648627,0.011764706,0.04595843,0.0,0.008133723,0.05806706,0.0008133723,0.00058300263
0.010648627,0.01989843,0.10485882,0.010648627,0.013736864,0.051286668,0.0,0.006161566,0.053572156,0.0006161566,0.0005378731
0.010648627,0.017375687,0.10766432,0.010648627,0.013171373,0.051286668,0.0,0.004204314,0.05637765,0.00042043143,0.0005660407
0.010648627,0.017375687,0.09924785,0.010648627,0.013171373,0.051286668,0.0,0.004204314,0.047961183,0.00042043143,0.00048153798
0.010648627,0.01989843,0.09924785,0.010648627,0.013171373,0.04595843,0.0,0.0067270566,0.05328942,0.00067270565,0.00053503434
0.010648627,0.01989843,0.1132753,0.010648627,0.011199215,0.04595843,0.0,0.008699214,0.06731687,0.0008699214,0.0006758722
0.010648627,0.01989843,0.11608078,0.010648627,0.011199215,0.051286668,0.0,0.008699214,0.064794116,0.0008699214,0.0006505433
0.010648627,0.01989843,0.10766432,0.010648627,0.011199215,0.051286668,0.0,0.008699214,0.05637765,0.0008699214,0.0005660407
0.010648627,0.017375687,0.09727569,0.010648627,0.011199215,0.051286668,0.0,0.0061764717,0.04598902,0.0006176472,0.00046173716
0.010648627,0.01989843,0.1132753,0.010648627,0.011199215,0.04595843,0.0,0.008699214,0.06731687,0.0008699214,0.0006758722
0.010648627,0.01989843,0.10766432,0.010648627,0.011764706,0.04595843,0.0,0.008133723,0.061705887,0.0008133723,0.000619537
0.010648627,0.01989843,0.10485882,0.010648627,0.013736864,0.04595843,0.0,0.006161566,0.058900394,0.0006161566,0.0005913694
0.013171373,0.01989843,0.10766432,0.010648627,0.013736864,0.04595843,0.002522746,0.006161566,0.061705887,0.0006161566,0.000619537
0.010648627,0.01989843,0.105692156,0.010648627,0.013736864,0.04595843,0.0,0.006161566,0.059733726,0.0006161566,0.00059973623
0.010648627,0.01989843,0.1253306,0.010648627,0.013171373,0.04595843,0.0,0.0067270566,0.07937217,0.00067270565,0.0007969093
0.010648627,0.01989843,0.14216353,0.010648627,0.011199215,0.04595843,0.0,0.008699214,0.0962051,0.0008699214,0.0009659147
0.010648627,0.01989843,0.15058,0.010648627,0.011199215,0.051286668,0.0,0.008699214,0.099293336,0.0008699214,0.0009969211
0.010648627,0.01989843,0.15816313,0.010648627,0.011199215,0.051286668,0.0,0.008699214,0.10687646,0.0008699214,0.0010730568
0.010648627,0.01989843,0.14216353,0.010648627,0.011764706,0.04595843,0.0,0.008133723,0.0962051,0.0008133723,0.0009659147
0.010648627,0.025226668,0.11494196,0.010648627,0.011764706,0.052120004,0.0,0.013461961,0.062821954,0.0013461962,0.0006307425
0.010648627,0.01989843,0.14019138,0.010648627,0.011764706,0.052120004,0.0,0.008133723,0.088071376,0.0008133723,0.0008842508
0.010648627,0.01989843,0.17021844,0.013171373,0.011764706,0.051286668,-0.002522746,0.008133723,0.11893177,0.0008133723,0.0011940941
0.013171373,0.020463921,0.17469059,0.013171373,0.011199215,0.051286668,0.0,0.009264706,0.12340392,0.00092647056,0.0012389952
0.013171373,0.025792157,0.18030158,0.010648627,0.011199215,0.04595843,0.002522746,0.014592942,0.13434315,0.0014592942,0.0013488268
0.010648627,0.025226668,0.15338549,0.010648627,0.011199215,0.04595843,0.0,0.014027452,0.10742706,0.0014027453,0.0010785849
0.010648627,0.01989843,0.13905255,0.010648627,0.011199215,0.051286668,0.0,0.008699214,0.08776589,0.0008699214,0.0008811836
0.010648627,0.01989843,0.1718851,0.010648627,0.011199215,0.04595843,0.0,0.008699214,0.12592667,0.0008699214,0.0012643241
0.010648627,0.01989843,0.18955138,0.010648627,0.011199215,0.04595843,0.0,0.008699214,0.14359295,0.0008699214,0.0014416963
0.013171373,0.025226668,0.21116197,0.010648627,0.011199215,0.04595843,0.002522746,0.014027452,0.16520354,0.0014027453,0.0016586701
0.010648627,0.034193724,0.2027455,0.010648627,0.011199215,0.04595843,0.0,0.022994509,0.15678707,0.0022994508,0.0015741674
0.010648627,0.029430982,0.21116197,0.010648627,0.011199215,0.051286668,0.0,0.018231766,0.1598753,0.0018231766,0.0016051738
0.010648627,0.025792157,0.19796786,0.010648627,0.011199215,0.052120004,0.0,0.014592942,0.14584786,0.0014592942,0.001464336
0.010648627,0.025792157,0.15505216,0.010648627,0.011199215,0.052120004,0.0,0.014592942,0.102932155,0.0014592942,0.0010334554
0.013171373,0.025792157,0.16066314,0.010648627,0.011199215,0.053809416,0.002522746,0.014592942,0.10685372,0.0014592942,0.0010728285
0.013171373,0.028597647,0.18113491,0.010648627,0.011199215,0.059420396,0.002522746,0.017398432,0.12171452,0.0017398432,0.0012220333
0.013171373,0.03728196,0.18757921,0.010648627,0.013171373,0.059420396,0.002522746,0.024110587,0.12815882,0.0024110586,0.0012867352
0.013171373,0.034759216,0.18674588,0.010648627,0.013736864,0.053809416,0.002522746,0.021022353,0.13293646,0.0021022353,0.0013347034
0.013171373,0.028597647,0.18955138,0.010648627,0.013736864,0.053809416,0.002522746,0.014860784,0.13574196,0.0014860784,0.0013628711
0.013171373,0.028597647,0.20918982,0.010648627,0.013736864,0.059420396,0.002522746,0.014860784,0.14976943,0.0014860784,0.0015037091
0.013171373,0.028597647,0.22041178,0.010648627,0.011764706,0.061943136,0.002522746,0.01683294,0.15846863,0.0016832941,0.0015910505
0.013171373,0.025792157,0.2119953,0.013171373,0.011199215,0.059420396,0.0,0.014592942,0.15257491,0.0014592942,0.0015318766
0.010648627,0.028597647,0.2119953,0.013171373,0.016810197,0.061943136,-0.002522746,0.01178745,0.15005216,0.001178745,0.0015065478
0.010648627,0.028597647,0.22882824,0.013171373,0.016810197,0.05970314,-0.002522746,0.01178745,0.1691251,0.001178745,0.0016980432
0.013171373,0.028597647,0.23807804,0.010648627,0.016810197,0.05718039,0.002522746,0.01178745,0.18089765,0.001178745,0.0018162415
0.013171373,0.033925883,0.24649452,0.010648627,0.011199215,0.05156941,0.002522746,0.022726668,0.1949251,0.002272667,0.0019570794
0.013171373,0.033925883,0.24368903,0.010648627,0.011199215,0.05718039,0.002522746,0.022726668,0.18650864,0.002272667,0.0018725768
0.013171373,0.033925883,0.22685608,0.010648627,0.016810197,0.05970314,0.002522746,0.017115686,0.16715294,0.0017115686,0.0016782425
0.013171373,0.028597647,0.25968862,0.010648627,0.016810197,0.06503137,0.002522746,0.01178745,0.19465724,0.001178745,0.00195439
0.013171373,0.028597647,0.24482785,0.010648627,0.011764706,0.05970314,0.002522746,0.01683294,0.18512471,0.0016832941,0.0018586819
0.013171373,0.028597647,0.20555098,0.010648627,0.011764706,0.05970314,0.002522746,0.01683294,0.14584784,0.0016832941,0.0014643358
0.013171373,0.028597647,0.23443922,0.010648627,0.011764706,0.0731651,0.002522746,0.01683294,0.16127414,0.0016832941,0.0016192183
0.013171373,0.034759216,0.22966157,0.010648627,0.017375687,0.07597059,0.002522746,0.017383529,0.15369098,0.0017383529,0.0015430822
0.013171373,0.03728196,0.24649452,0.010648627,0.017375687,0.071758434,0.002522746,0.019906273,0.17473608,0.0019906273,0.0017543783
0.013171373,0.045415685,0.31018743,0.010648627,0.017375687,0.07960941,0.002522746,0.028039997,0.23057802,0.0028039997,0.0023150404
0.013171373,0.045415685,0.34749213,0.010648627,0.017375687,0.09083137,0.002522746,0.028039997,0.25666076,0.0028039997,0.0025769153
0.010648627,0.03728196,0.34468666,0.010648627,0.017375687,0.07960941,0.0,0.019906273,0.26507723,0.0019906273,0.002661418
0.010648627,0.045415685,0.30063215,0.013171373,0.017375687,0.0824149,-0.002522746,0.028039997,0.21821725,0.0028039997,0.0021909364
0.013171373,0.045415685,0.27174392,0.010648627,0.017375687,0.09083137,0.002522746,0.028039997,0.18091255,0.0028039997,0.0018163911
0.013171373,0.03728196,0.32702038,0.010648627,0.017375687,0.088308625,0.002522746,0.019906273,0.23871174,0.0019906273,0.0023967044
0.013171373,0.029430982,0.33263135,0.010648627,0.017375687,0.09083137,0.002522746,0.012055295,0.24179998,0.0012055294,0.0024277107
0.013171373,0.034759216,0.2585498,0.010648627,0.017375687,0.10766432,0.002522746,0.017383529,0.1508855,0.0017383529,0.0015149146
0.013171373,0.042610195,0.2837992,0.010648627,0.01989843,0.12169176,0.002522746,0.022711765,0.16210744,0.0022711765,0.0016275847
0.013171373,0.042610195,0.3026043,0.010648627,0.01989843,0.10766432,0.002522746,0.022711765,0.19493997,0.0022711765,0.0019572286
0.013171373,0.03728196,0.26332745,0.010648627,0.017375687,0.0916647,0.002522746,0.019906273,0.17166275,0.0019906273,0.0017235216
0.013171373,0.03728196,0.2837992,0.010648627,0.017375687,0.088859215,0.002522746,0.019906273,0.19493999,0.0019906273,0.0019572289
0.013171373,0.034759216,0.29502118,0.010648627,0.017375687,0.088308625,0.002522746,0.017383529,0.20671254,0.0017383529,0.0020754272
0.013171373,0.03728196,0.26135528,0.010648627,0.017375687,0.088308625,0.002522746,0.019906273,0.17304665,0.0019906273,0.0017374161
0.013171373,0.03728196,0.2837992,0.010648627,0.017375687,0.09727569,0.002522746,0.019906273,0.18652351,0.0019906273,0.001872726
0.013171373,0.03728196,0.27818823,0.010648627,0.017375687,0.11608078,0.002522746,0.019906273,0.16210744,0.0019906273,0.0016275847
0.013171373,0.042610195,0.26135528,0.010648627,0.01989843,0.1132753,0.002522746,0.022711765,0.14807999,0.0022711765,0.001486747
0.013171373,0.03728196,0.2773549,0.010648627,0.017375687,0.09924785,0.002522746,0.019906273,0.17810705,0.0019906273,0.0017882234
0.013171373,0.042610195,0.26052195,0.010648627,0.017375687,0.10766432,0.002522746,0.025234507,0.15285763,0.0025234506,0.0015347152
0.013171373,0.03728196,0.27174392,0.013171373,0.01989843,0.12169176,0.0,0.01738353,0.15005216,0.001738353,0.0015065478
0.013171373,0.042610195,0.25407764,0.013171373,0.01989843,0.12169176,0.0,0.022711765,0.13238588,0.0022711765,0.0013291755
0.013171373,0.042610195,0.22602275,0.013171373,0.01989843,0.12169176,0.0,0.022711765,0.10433099,0.0022711765,0.0010474998
0.013171373,0.03728196,0.22882824,0.010648627,0.01989843,0.13374707,0.002522746,0.01738353,0.095081165,0.001738353,0.0009546302
0.013171373,0.034759216,0.23921686,0.010648627,0.025226668,0.13374707,0.002522746,0.0095325485,0.10546979,0.0009532549,0.0010589337
0.010648627,0.034759216,0.22238393,0.013171373,0.025226668,0.13094157,-0.002522746,0.0095325485,0.09144236,0.0009532549,0.000918096
0.010648627,0.03728196,0.20357883,0.013171373,0.01989843,0.1253306,-0.002522746,0.01738353,0.07824823,0.001738353,0.00078562484
0.013171373,0.034759216,0.22685608,0.013171373,0.01989843,0.11410863,0.0,0.0148607865,0.11274745,0.0014860786,0.0011320026
0.013171373,0.034759216,0.26052195,0.013171373,0.01989843,0.14216353,0.0,0.0148607865,0.11835842,0.0014860786,0.0011883376
0.013171373,0.03728196,0.29138234,0.013171373,0.025226668,0.15619099,0.0,0.012055293,0.13519135,0.0012055293,0.0013573429
0.010648627,0.034759216,0.28577137,0.013171373,0.01989843,0.14860785,-0.002522746,0.0148607865,0.13716352,0.0014860786,0.0013771438
0.010648627,0.029430982,0.27174392,0.013171373,0.01989843,0.13094157,-0.002522746,0.009532552,0.14080235,0.0009532552,0.0014136783
0.010648627,0.034759216,0.25968862,0.013171373,0.01989843,0.13094157,-0.002522746,0.0148607865,0.12874705,0.0014860786,0.001292641
0.010648627,0.033925883,0.2681051,0.013171373,0.01989843,0.15535764,-0.002522746,0.014027454,0.112747446,0.0014027454,0.0011320024
0.013171373,0.036448628,0.25491098,0.013171373,0.025226668,0.15338549,0.0,0.01122196,0.101525486,0.001122196,0.0010193322
0.013171373,0.033925883,0.24732785,0.013171373,0.025226668,0.15338549,0.0,0.008699216,0.09394236,0.0008699216,0.0009431964
0.013171373,0.028597647,0.23610589,0.013171373,0.025226668,0.15338549,0.0,0.0033709798,0.0827204,0.00033709797,0.0008305261
0.013171373,0.034759216,0.26052195,0.013171373,0.025226668,0.17863491,0.0,0.0095325485,0.08188704,0.0009532549,0.000822159
0.013171373,0.034759216,0.27257726,0.013171373,0.025226668,0.17469059,0.0,0.0095325485,0.09788667,0.0009532549,0.0009827978
0.013171373,0.03728196,0.2425502,0.013171373,0.01989843,0.1718851,0.0,0.01738353,0.07066509,0.001738353,0.0007094889
0.013171373,0.03728196,0.2745494,0.010648627,0.025226668,0.19994001,0.002522746,0.012055293,0.074609384,0.0012055293,0.0007490902
0.013171373,0.034759216,0.2773549,0.010648627,0.025226668,0.18113491,0.002522746,0.0095325485,0.09621999,0.0009532549,0.00096606417
0.013171373,0.03728196,0.26052195,0.013171373,0.025226668,0.1839404,0.0,0.012055293,0.07658155,0.0012055293,0.0007688911
0.013171373,0.042610195,0.2773549,0.013171373,0.025226668,0.18955138,0.0,0.017383527,0.08780351,0.0017383527,0.00088156137
0.013171373,0.03728196,0.26052195,0.013171373,0.025226668,0.18113491,0.0,0.012055293,0.07938704,0.0012055293,0.00079705863
0.013171373,0.034759216,0.26696625,0.013171373,0.025226668,0.19235687,0.0,0.0095325485,0.074609384,0.0009532549,0.0007490902
0.013171373,0.03728196,0.33149254,0.013171373,0.025226668,0.17552392,0.0,0.012055293,0.15596862,0.0012055293,0.00156595
0.013171373,0.03728196,0.35393646,0.013171373,0.025226668,0.18674588,0.0,0.012055293,0.16719058,0.0012055293,0.0016786203
0.013171373,0.03728196,0.339909,0.013171373,0.025226668,0.2027455,0.0,0.012055293,0.13716349,0.0012055293,0.0013771435
0.013171373,0.042610195,0.3146596,0.013171373,0.028032158,0.19432904,0.0,0.014578037,0.12033056,0.0014578036,0.0012081382
0.013171373,0.045415685,0.33149254,0.013171373,0.028032158,0.19713452,0.0,0.017383527,0.13435802,0.0017383527,0.0013489762
0.013171373,0.045415685,0.3491588,0.013171373,0.025226668,0.17469059,0.0,0.020189017,0.1744682,0.0020189018,0.0017516888
0.013171373,0.045415685,0.33232588,0.013171373,0.025226668,0.15619099,0.0,0.020189017,0.17613488,0.0020189018,0.0017684225
0.013171373,0.05102667,0.3707694,0.013171373,0.01989843,0.14777452,0.0,0.031128239,0.2229949,0.003112824,0.0022389046
0.013171373,0.052998826,0.38282472,0.013171373,0.025226668,0.15338549,0.0,0.027772158,0.22943923,0.0027772158,0.0023036068
0.013171373,0.05944314,0.38365805,0.013171373,0.025226668,0.16460745,0.0,0.03421647,0.2190506,0.003421647,0.0021993034
0.013171373,0.067859605,0.3816859,0.013171373,0.025226668,0.1718851,0.0,0.042632937,0.20980081,0.004263294,0.002106434
0.013171373,0.06224863,0.4310459,0.013171373,0.028032158,0.21957844,0.0,0.03421647,0.21146744,0.003421647,0.002123167
0.013171373,0.07627607,0.51157176,0.013171373,0.033925883,0.26082745,0.0,0.042350188,0.2507443,0.004235019,0.0025175132
0.013171373,0.06224863,0.5020165,0.013171373,0.028597647,0.2532443,0.0,0.03365098,0.24877217,0.003365098,0.0024977126
0.013171373,0.04681451,0.5668482,0.013171373,0.028032158,0.2428557,0.0,0.018782351,0.32399252,0.0018782351,0.003252937
0.013171373,0.052998826,0.5789035,0.013171373,0.025226668,0.20357883,0.0,0.027772158,0.37532467,0.0027772158,0.00376832
0.013171373,0.051309414,0.5909588,0.013171373,0.01989843,0.17916274,0.0,0.031410985,0.41179603,0.0031410984,0.0041344985
0.013171373,0.052998826,0.6077917,0.013171373,0.025226668,0.20918982,0.0,0.027772158,0.3986019,0.0027772158,0.004002027
0.018782353,0.06983176,0.6010419,0.013171373,0.025226668,0.20918982,0.00561098,0.04460509,0.39185208,0.004460509,0.003934258
0.013171373,0.067859605,0.5822368,0.013171373,0.025226668,0.21396746,0.0,0.042632937,0.36826938,0.004263294,0.0036974838
0.013171373,0.05383216,0.5746537,0.013171373,0.025226668,0.20555098,0.0,0.02860549,0.36910272,0.0028605491,0.0037058506
0.018782353,0.06224863,0.6102917,0.013171373,0.025226668,0.18955138,0.00561098,0.03702196,0.42074034,0.003702196,0.004224301
0.018782353,0.067859605,0.66359603,0.013736864,0.025226668,0.2027455,0.0050454894,0.042632937,0.46085054,0.004263294,0.0046270136
0.018782353,0.09310902,0.72053915,0.013736864,0.025226668,0.19796786,0.0050454894,0.06788235,0.5225713,0.006788235,0.0052467003
0.019347843,0.09872,0.7370666,0.0112141175,0.025226668,0.18113491,0.008133725,0.07349333,0.5559317,0.0073493333,0.0055816434
0.019347843,0.09872,0.73789996,0.0112141175,0.028032158,0.2279949,0.008133725,0.070687845,0.50990504,0.0070687844,0.0051195286
0.019347843,0.107136466,0.7412333,0.013171373,0.03336039,0.27007726,0.00617647,0.073776074,0.47115603,0.0073776073,0.004730482
0.019347843,0.09872,0.7437333,0.013171373,0.03336039,0.25885528,0.00617647,0.06535961,0.484878,0.006535961,0.004868253
0.019347843,0.09872,0.7445667,0.013171373,0.028597647,0.21760628,0.00617647,0.070122354,0.5269604,0.0070122355,0.0052907667
0.017375687,0.107969806,0.7454,0.013171373,0.028597647,0.21002315,0.004204314,0.07937216,0.53537685,0.007937216,0.00537527
0.017375687,0.107969806,0.7479,0.013736864,0.033925883,0.2529388,0.0036388235,0.07404392,0.4949612,0.007404392,0.00496949
0.017375687,0.11638628,0.7479,0.013736864,0.033925883,0.26332745,0.0036388235,0.082460396,0.48457256,0.00824604,0.0048651863
0.017375687,0.13321921,0.74623334,0.013736864,0.03336039,0.24368903,0.0036388235,0.09985882,0.5025443,0.009985882,0.0050456254
0.017375687,0.13321921,0.7470667,0.013736864,0.03336039,0.22602275,0.0036388235,0.09985882,0.5210439,0.009985882,0.0052313646
0.01989843,0.107969806,0.74873334,0.013171373,0.028032158,0.22882824,0.0067270566,0.07993765,0.5199051,0.007993765,0.005219931
0.01989843,0.09955334,0.7479,0.013171373,0.028032158,0.26249412,0.0067270566,0.07152118,0.4854059,0.007152118,0.0048735533
0.01989843,0.09955334,0.7454,0.013171373,0.028597647,0.25407764,0.0067270566,0.07095569,0.49132237,0.0070955693,0.0049329554
0.017375687,0.089164704,0.74873334,0.013171373,0.028597647,0.22966157,0.004204314,0.06056706,0.51907176,0.006056706,0.005211564
0.017375687,0.089447446,0.7495667,0.013171373,0.028597647,0.22041178,0.004204314,0.0608498,0.5291549,0.00608498,0.0053128004
0.01989843,0.107969806,0.7529,0.013171373,0.028597647,0.24649452,0.0067270566,0.07937216,0.5064055,0.007937216,0.005084392
0.01989843,0.124802746,0.7612333,0.013171373,0.033925883,0.26135528,0.0067270566,0.09087686,0.49987805,0.009087686,0.005018856
0.01989843,0.13041373,0.7612333,0.013171373,0.036448628,0.3306592,0.0067270566,0.0939651,0.43057412,0.00939651,0.0043230336
0.01989843,0.12199726,0.75373334,0.013171373,0.041776862,0.3598529,0.0067270566,0.0802204,0.39388043,0.00802204,0.003954623
0.01989843,0.11638628,0.7529,0.013171373,0.036448628,0.29979882,0.0067270566,0.07993765,0.4531012,0.007993765,0.0045492086
0.01989843,0.13405254,0.75706667,0.013171373,0.036448628,0.3054098,0.0067270566,0.09760392,0.45165688,0.009760392,0.004534708
0.01989843,0.13405254,0.7579,0.013171373,0.03728196,0.2837992,0.0067270566,0.096770585,0.4741008,0.009677058,0.0047600484
0.01989843,0.13966352,0.75956666,0.013171373,0.034759216,0.26416078,0.0067270566,0.1049043,0.49540588,0.0104904305,0.0049739545
0.021870587,0.14246902,0.7579,0.013171373,0.034759216,0.2585498,0.008699214,0.1077098,0.4993502,0.01077098,0.005013556
0.021870587,0.13405254,0.7554,0.013736864,0.034759216,0.26135528,0.008133723,0.09929333,0.49404472,0.009929333,0.0049602883
0.019347843,0.15846862,0.7529,0.013736864,0.034759216,0.2585498,0.005610979,0.1237094,0.4943502,0.01237094,0.0049633556
0.019347843,0.15088548,0.7529,0.013171373,0.034759216,0.2557443,0.00617647,0.11612626,0.4971557,0.011612626,0.004991523
0.021870587,0.13041373,0.75373334,0.013171373,0.042610195,0.31746507,0.008699214,0.08780353,0.43626827,0.008780353,0.004380204
0.019347843,0.124802746,0.75373334,0.013171373,0.042610195,0.3239094,0.00617647,0.082192555,0.42982394,0.008219255,0.0043155015
0.019347843,0.113580786,0.7554,0.013171373,0.03728196,0.29107684,0.00617647,0.076298825,0.46432316,0.0076298825,0.004661879
0.021870587,0.10516432,0.7554,0.013171373,0.03728196,0.2902435,0.008699214,0.06788236,0.4651565,0.006788236,0.004670246
0.021870587,0.0919702,0.75373334,0.013171373,0.034759216,0.28463253,0.008699214,0.05721098,0.4691008,0.0057210983,0.0047098473
0.019347843,0.097581185,0.75623333,0.013171373,0.03728196,0.3146596,0.00617647,0.060299225,0.44157374,0.0060299225,0.0044334712
0.017375687,0.113580786,0.75623333,0.013171373,0.03728196,0.30624312,0.004204314,0.076298825,0.4499902,0.0076298825,0.004517974
0.017375687,0.09955334,0.7554,0.013171373,0.03728196,0.293049,0.004204314,0.06227138,0.462351,0.006227138,0.004642078
0.019347843,0.079914905,0.7529,0.013171373,0.042610195,0.36432508,0.00617647,0.03730471,0.38857493,0.003730471,0.0039013547
0.019347843,0.08272039,0.7504,0.013171373,0.045415685,0.4055741,0.00617647,0.037304707,0.3448259,0.0037304708,0.0034621074
0.019347843,0.09674785,0.74873334,0.013171373,0.042610195,0.34832546,0.00617647,0.05413766,0.40040788,0.005413766,0.0040201596
0.019347843,0.09872,0.7479,0.013171373,0.034759216,0.26696625,0.00617647,0.06396078,0.48093376,0.0063960785,0.0048286524
0.019347843,0.09872,0.7470667,0.013171373,0.034759216,0.2557443,0.00617647,0.06396078,0.49132237,0.0063960785,0.0049329554
0.019347843,0.08272039,0.74623334,0.013171373,0.03728196,0.2809937,0.00617647,0.04543843,0.46523964,0.004543843,0.004671081
0.019347843,0.08833137,0.7437333,0.013171373,0.03728196,0.2958545,0.00617647,0.05104941,0.44787878,0.0051049413,0.004496775
0.019347843,0.09674785,0.7437333,0.013171373,0.03728196,0.30146548,0.00617647,0.059465893,0.4422678,0.005946589,0.00444044
0.019347843,0.08272039,0.7437333,0.013171373,0.03728196,0.293049,0.00617647,0.04543843,0.45068428,0.004543843,0.0045249425
0.018782353,0.08272039,0.7395666,0.013171373,0.03728196,0.28463253,0.00561098,0.04543843,0.4549341,0.004543843,0.0045676115
0.013171373,0.07627607,0.7387333,0.013171373,0.034759216,0.27621606,0.0,0.041516855,0.46251723,0.0041516856,0.0046437476
0.013171373,0.06224863,0.64865214,0.013171373,0.034759216,0.26302195,0.0,0.027489413,0.3856302,0.0027489413,0.0038717892
0.018782353,0.067859605,0.6730682,0.013171373,0.03728196,0.30427095,0.00561098,0.030577645,0.36879727,0.0030577644,0.003702784
0.013736864,0.079081565,0.6722349,0.013171373,0.042610195,0.3491588,0.0005654907,0.03647137,0.3230761,0.003647137,0.003243736
0.011764706,0.07627607,0.6049031,0.013171373,0.034759216,0.3211039,-0.0014066668,0.041516855,0.2837992,0.0041516856,0.0028493896
0.011764706,0.067859605,0.60323644,0.013171373,0.03728196,0.31746507,-0.0014066668,0.030577645,0.28577137,0.0030577644,0.0028691904
0.013736864,0.067859605,0.72978896,0.013171373,0.042610195,0.3427145,0.0005654907,0.02524941,0.38707447,0.002524941,0.00388629
0.013171373,0.07066509,0.7345666,0.013171373,0.042610195,0.3707694,0.0,0.028054897,0.36379722,0.0028054896,0.0036525826
0.013171373,0.07066509,0.68573445,0.013171373,0.045415685,0.39124116,0.0,0.025249407,0.2944933,0.0025249408,0.0029567599
0.013171373,0.07066509,0.5406823,0.013171373,0.05102667,0.4052686,0.0,0.019638423,0.1354137,0.0019638422,0.0013595754
0.013171373,0.07627607,0.60634744,0.013171373,0.045415685,0.3648529,0.0,0.030860387,0.24149454,0.0030860386,0.002424644
0.018782353,0.06224863,0.7177337,0.013171373,0.045415685,0.3965467,0.00561098,0.016832944,0.321187,0.0016832944,0.003224769
0.018782353,0.067859605,0.7345666,0.013171373,0.052998826,0.4697949,0.00561098,0.014860779,0.26477173,0.0014860779,0.0026583506
0.018782353,0.07066509,0.70370626,0.013171373,0.05102667,0.4389345,0.00561098,0.019638423,0.26477176,0.0019638422,0.002658351
0.018782353,0.059725884,0.6195415,0.013171373,0.045415685,0.3612141,0.00561098,0.0143102,0.25832742,0.00143102,0.0025936489
0.018782353,0.054114904,0.5241549,0.013171373,0.045415685,0.4097408,0.00561098,0.00869922,0.114414096,0.000869922,0.0011487359
0.018782353,0.059725884,0.5401545,0.013171373,0.05102667,0.45379528,0.00561098,0.008699216,0.08635923,0.0008699216,0.00086706056
0.018782353,0.06224863,0.54296,0.013171373,0.045981176,0.35924196,0.00561098,0.016267452,0.18371803,0.0016267452,0.0018445585
0.013171373,0.06224863,0.48487806,0.013171373,0.045981176,0.34604785,0.0,0.016267452,0.13883021,0.0016267452,0.0013938777
0.013171373,0.05944314,0.46440628,0.013171373,0.051309414,0.4310459,0.0,0.008133724,0.03336039,0.00081337243,0.0003349437
0.013171373,0.067859605,0.4587953,0.013171373,0.052998826,0.47593373,0.0,0.014860779,-0.017138422,0.0014860779,-0.00017207251
0.013171373,0.07066509,0.57579255,0.013736864,0.052998826,0.49723884,-0.0005654907,0.017666265,0.07855371,0.0017666265,0.00078869186
0.013171373,0.06224863,0.6046808,0.013736864,0.061415296,0.57693136,-0.0005654907,0.00083333254,0.02774942,8.333325e-05,0.00027860864
0.013736864,0.06224863,0.6475964,0.013736864,0.058609806,0.54690427,0.0,0.0036388226,0.10069215,0.00036388225,0.0010109654
0.019347843,0.07627607,0.6456243,0.013736864,0.052998826,0.48882237,0.005610979,0.023277245,0.15680191,0.0023277246,0.0015743164
0.019347843,0.07066509,0.5895145,0.019347843,0.06702627,0.6002086,0.0,0.0036388189,-0.010694087,0.00036388187,-0.000107370346
0.019347843,0.054114904,0.5895145,0.013736864,0.06702627,0.60498625,0.005610979,-0.012911368,-0.015471756,-0.0012911368,-0.00015533892
0.018782353,0.06224863,0.65517956,0.013736864,0.058609806,0.5412933,0.0050454894,0.0036388226,0.11388624,0.00036388225,0.0011434362
0.018782353,0.07066509,0.70370626,0.013736864,0.058609806,0.52726585,0.0050454894,0.012055285,0.17644042,0.0012055285,0.0017714902
0.018782353,0.07066509,0.6060419,0.019347843,0.061415296,0.5629039,-0.00056548975,0.009249795,0.043138027,0.0009249795,0.00043311273
0.016810197,0.07627607,0.66465175,0.019347843,0.067859605,0.6077917,-0.0025376454,0.008416466,0.05686003,0.00084164663,0.00057088386
0.017375687,0.07627607,0.7395666,0.019347843,0.07627607,0.73039997,-0.0019721556,0.0,0.009166658,0.0,9.203472e-05
0.017375687,0.06617019,0.74039996,0.013736864,0.067859605,0.6767902,0.0036388235,-0.0016894117,0.06360978,-0.00016894117,0.0006386524
0.017375687,0.079914905,0.7412333,0.013736864,0.06224863,0.5650984,0.0036388235,0.017666277,0.17613488,0.0017666277,0.0017684225
0.019347843,0.09674785,0.7420666,0.019347843,0.07627607,0.7345666,0.0,0.020471781,0.007499993,0.002047178,7.530113e-05
0.019347843,0.09674785,0.74289995,0.019347843,0.07066509,0.677318,0.0,0.026082762,0.06558198,0.0026082762,0.0006584536
0.019347843,0.10516432,0.7454,0.013736864,0.06224863,0.5106553,0.005610979,0.04291569,0.23474473,0.004291569,0.0023568748
0.021870587,0.11638628,0.7479,0.013736864,0.067859605,0.58754236,0.008133723,0.048526675,0.16035765,0.0048526675,0.0016100167
0.019347843,0.10516432,0.7504,0.019347843,0.079081565,0.7281223,0.0,0.026082754,0.022277713,0.0026082755,0.00022367181
0.021870587,0.09872,0.7504,0.019347843,0.079081565,0.7362333,0.0025227442,0.019638434,0.014166713,0.0019638434,0.00014223608
0.021870587,0.10433098,0.75123334,0.019347843,0.067859605,0.6557074,0.0025227442,0.036471374,0.09552592,0.0036471374,0.0009590956
0.021870587,0.09872,0.7529,0.013736864,0.059725884,0.5558486,0.008133723,0.038994115,0.1970514,0.0038994115,0.0019784279
0.01989843,0.09955334,0.7529,0.013736864,0.059725884,0.5137663,0.006161566,0.039827455,0.23913372,0.0039827456,0.002400941
0.017375687,0.107969806,0.75623333,0.013736864,0.067859605,0.6055141,0.0036388235,0.0401102,0.15071923,0.00401102,0.0015132453
0.017375687,0.097581185,0.75706667,0.019347843,0.07627607,0.66442937,-0.0019721556,0.021305114,0.0926373,0.0021305114,0.0009300934
0.01989843,0.10516432,0.75623333,0.019347843,0.079081565,0.7025674,0.00055058673,0.026082754,0.053665936,0.0026082755,0.00053881464
0.021870587,0.11721961,0.75706667,0.019347843,0.079081565,0.7362333,0.0025227442,0.038138047,0.020833373,0.0038138046,0.00020917042
0.021870587,0.13966352,0.7604,0.019347843,0.08749803,0.7370666,0.0025227442,0.052165486,0.02333337,0.0052165487,0.00023427079
0.021870587,0.15088548,0.7629,0.019347843,0.079081565,0.73789996,0.0025227442,0.07180391,0.025000036,0.0071803913,0.00025100439
0.021870587,0.15088548,0.7637333,0.019347843,0.06224863,0.5903478,0.0025227442,0.088636845,0.1733855,0.008863685,0.0017408183
0.01989843,0.13883018,0.76706666,0.019347843,0.07066509,0.61673605,0.00055058673,0.06816509,0.1503306,0.006816509,0.0015093434
0.01989843,0.10516432,0.77206665,0.019347843,0.07066509,0.6276525,0.00055058673,0.034499228,0.14441413,0.003449923,0.0014499411
0.017375687,0.124802746,0.7790161,0.019347843,0.074303925,0.6666239,-0.0019721556,0.05049882,0.11239219,0.005049882,0.0011284356
0.01989843,0.14807999,0.7901917,0.019347843,0.091136865,0.7395666,0.00055058673,0.056943126,0.050625086,0.0056943125,0.000508284
0.01989843,0.14246902,0.800549,0.019347843,0.091136865,0.7412333,0.00055058673,0.051332153,0.05931568,0.0051332153,0.000595539
0.01989843,0.14807999,0.80667996,0.019347843,0.09394236,0.74289995,0.00055058673,0.054137632,0.06378001,0.005413763,0.00064036157
0.01989843,0.13966352,0.8069478,0.021870587,0.112747446,0.7420666,-0.0019721575,0.026916072,0.064881206,0.0026916072,0.0006514177
0.01989843,0.15846862,0.8024835,0.019347843,0.09955334,0.7470667,0.00055058673,0.05891528,0.055416822,0.005891528,0.0005563938
0.021870587,0.16491294,0.79660547,0.017375687,0.0919702,0.74873334,0.0044949,0.07294274,0.047872126,0.007294274,0.00048064385
0.021870587,0.16210744,0.7935698,0.017375687,0.097581185,0.74873334,0.0044949,0.06452625,0.04483646,0.006452625,0.00045016527
0.021870587,0.14610784,0.79837644,0.019347843,0.097581185,0.74873334,0.0025227442,0.048526652,0.0496431,0.004852665,0.0004984247
0.021870587,0.13208039,0.8064866,0.019347843,0.09955334,0.7454,0.0025227442,0.032527052,0.061086595,0.003252705,0.0006133192
0.025226668,0.15649647,0.8101325,0.019347843,0.097581185,0.74623334,0.0058788247,0.05891528,0.06389916,0.005891528,0.00064155785
0.025226668,0.18174587,0.81212664,0.019347843,0.097581185,0.7479,0.0058788247,0.08416469,0.06422663,0.008416468,0.00064484566
0.01989843,0.17052391,0.81965643,0.019347843,0.10516432,0.7495667,0.00055058673,0.06535959,0.07008976,0.0065359594,0.00070371246
0.025226668,0.14610784,0.8397459,0.021870587,0.113580786,0.7520667,0.0033560805,0.032527052,0.08767921,0.003252705,0.00088031334
0.03336039,0.1573298,0.85516274,0.01989843,0.107969806,0.75873333,0.013461962,0.049359992,0.09642941,0.0049359994,0.00096816674
0.028032158,0.17052391,0.8573651,0.01989843,0.12199726,0.7687333,0.008133728,0.048526652,0.08863175,0.004852665,0.00088987703
0.025226668,0.14891332,0.83773685,0.01989843,0.14807999,0.77206665,0.005328238,0.00083333254,0.06567019,8.333325e-05,0.0006593393
0.01989843,0.13769136,0.81178427,0.01989843,0.13966352,0.7679,0.0,-0.0019721538,0.043884277,-0.00019721538,0.0004406052
0.025226668,0.14891332,0.7991949,0.021870587,0.113580786,0.7612333,0.0033560805,0.03533254,0.037961543,0.003533254,0.00038113998
0.025226668,0.14610784,0.79971564,0.021870587,0.107969806,0.7520667,0.0033560805,0.038138032,0.047648966,0.0038138032,0.0004784033
0.01989843,0.13405254,0.8036294,0.019347843,0.0919702,0.75456667,0.00055058673,0.042082347,0.04906273,0.0042082346,0.0004925977
0.01989843,0.15088548,0.808927,0.021870587,0.11638628,0.7629,-0.0019721575,0.0344992,0.046027005,0.0034499199,0.00046211854
0.01989843,0.15088548,0.80979013,0.01989843,0.13966352,0.76456666,0.0,0.01122196,0.045223475,0.001122196,0.00045405095
0.01989843,0.14246902,0.80450743,0.01989843,0.12283059,0.7637333,0.0,0.019638427,0.040774107,0.0019638427,0.00040937858
0.025226668,0.14891332,0.7974984,0.01989843,0.12283059,0.76456666,0.005328238,0.026082732,0.032931745,0.0026082732,0.00033064
0.025226668,0.13769136,0.7975431,0.01989843,0.113580786,0.7679,0.005328238,0.024110578,0.029643118,0.0024110577,0.00029762168
0.028032158,0.14610784,0.8148945,0.01989843,0.14246902,0.7768286,0.008133728,0.0036388189,0.03806591,0.00036388187,0.00038218786
0.03336039,0.18060705,0.84642744,0.025226668,0.17249607,0.79330194,0.008133724,0.008110985,0.0531255,0.0008110985,0.0005333886
0.028032158,0.21146744,0.8691063,0.01989843,0.15369098,0.7985847,0.008133728,0.057776466,0.07052159,0.005777647,0.0007080481
0.028032158,0.23588352,0.88233566,0.01989843,0.15369098,0.79916507,0.008133728,0.08219254,0.08317059,0.008219254,0.0008350461
0.028032158,0.23671685,0.9088686,0.025226668,0.16491294,0.8025282,0.00280549,0.07180391,0.10634041,0.0071803913,0.0010676748
0.025226668,0.24232784,0.95010394,0.025226668,0.1733294,0.80784076,0.0,0.06899844,0.14226317,0.006899844,0.0014283451
0.028032158,0.2627996,0.9793898,0.025226668,0.16210744,0.8089866,0.00280549,0.10069215,0.17040318,0.010069216,0.0017108753
0.033925883,0.2720494,0.9933333,0.01989843,0.1292749,0.80342114,0.014027454,0.14277449,0.18991214,0.014277449,0.0019067484
0.033925883,0.30852076,0.99999994,0.01989843,0.14049685,0.806427,0.014027454,0.16802391,0.19357294,0.016802391,0.0019435034
0.033925883,0.35143647,0.99999994,0.025226668,0.15369098,0.8306831,0.008699216,0.19774549,0.16931683,0.019774549,0.0016999681
0.033925883,0.34385332,0.99999994,0.025226668,0.1825792,0.8592847,0.008699216,0.16127412,0.14071524,0.016127411,0.0014128037
0.036448628,0.4139906,0.99999994,0.028032158,0.23785569,0.87580276,0.00841647,0.1761349,0.124197185,0.01761349,0.0012469597
0.041776862,0.4672949,0.99999994,0.028032158,0.21541177,0.8774545,0.013744704,0.25188315,0.12254542,0.025188316,0.0012303757
0.041776862,0.45493412,0.99999994,0.025226668,0.18819019,0.8789278,0.016550194,0.26674393,0.12107211,0.026674394,0.0012155835
0.05102667,0.4566008,0.99999994,0.028032158,0.2041898,0.89604115,0.02299451,0.25241098,0.103958786,0.025241097,0.0010437629
0.061415296,0.57329255,0.99999994,0.036165882,0.285549,0.9236604,0.025249414,0.28774354,0.07633954,0.028774355,0.0007664613
0.061415296,0.6162082,0.99999994,0.036165882,0.27796587,0.9407141,0.025249414,0.33824232,0.05928582,0.03382423,0.00059523917
0.06983176,0.6394855,0.99999994,0.028032158,0.2283004,0.9474404,0.0417996,0.4111851,0.052559555,0.04111851,0.0005277064
0.09591451,0.7264556,0.99999994,0.028032158,0.23671685,0.9571576,0.06788236,0.48973876,0.04284233,0.048973877,0.00043014387
0.10349765,0.7337333,0.99999994,0.03336039,0.2627996,0.9771725,0.070137255,0.4709337,0.022827446,0.04709337,0.00022919124
0.084692545,0.7370666,0.99999994,0.03336039,0.27766037,0.98998505,0.051332153,0.45940626,0.010014892,0.045940626,0.00010055112
0.08188705,0.7387333,0.99999994,0.033925883,0.27766037,0.9908333,0.047961168,0.46107292,0.009166658,0.046107292,9.203472e-05
0.08833137,0.73789996,0.99999994,0.033925883,0.28607684,0.98749995,0.054405488,0.45182312,0.012499988,0.04518231,0.00012550189
0.091136865,0.74039996,0.99999994,0.028597647,0.25521648,0.97999996,0.06253922,0.48518348,0.01999998,0.04851835,0.00020080303
0.10433098,0.74289995,0.99999994,0.033925883,0.26363292,0.9808333,0.070405096,0.47926703,0.019166648,0.0479267,0.00019243623
0.11638628,0.7495667,0.99999994,0.033925883,0.26363292,0.9891666,0.082460396,0.48593375,0.010833323,0.048593376,0.000108768305
0.12199726,0.7529,0.99999994,0.036448628,0.29532665,0.9941667,0.08554863,0.45757335,0.005833268,0.045757335,5.856695e-05
0.113580786,0.7554,0.99999994,0.036448628,0.29532665,0.9966666,0.07713216,0.46007335,0.0033333302,0.046007335,3.346717e-05
0.107969806,0.7604,0.99999994,0.033925883,0.26166078,0.9983333,0.07404392,0.4987392,0.0016666651,0.049873922,1.6733586e-05
0.14163569,0.76206666,0.99999994,0.036448628,0.28691018,0.99916667,0.10518706,0.4751565,0.00083327293,0.04751565,8.366194e-06
0.15088548,0.7629,0.99999994,0.036448628,0.3029098,0.9975,0.11443685,0.4599902,0.002499938,0.04599902,2.509978e-05
0.15088548,0.7662333,0.99999994,0.033925883,0.27007726,0.9933333,0.116959594,0.49615607,0.0066666603,0.049615607,6.693434e-05
0.17530157,0.7712333,0.99999994,0.033925883,0.28691018,0.9933333,0.14137569,0.48432314,0.0066666603,0.048432313,6.693434e-05
0.1733294,0.7779,0.99999994,0.036448628,0.33657566,0.9975,0.13688077,0.44132432,0.002499938,0.044132434,2.509978e-05
0.17977372,0.79075724,0.99999994,0.036448628,0.31777057,0.99999994,0.14332509,0.47298667,0.0,0.047298666,0.0
0.1909957,0.8120223,0.99999994,0.044582352,0.37190825,0.99999994,0.14641334,0.44011408,0.0,0.044011407,0.0
0.2013843,0.837231,0.99999994,0.05102667,0.44007334,0.99999994,0.15035763,0.39715764,0.0,0.039715763,0.0
0.20221764,0.85961217,0.99999994,0.058609806,0.50543296,0.99999994,0.14360783,0.3541792,0.0,0.03541792,0.0
0.20221764,0.8799992,0.99999994,0.061415296,0.5214325,0.99999994,0.14080234,0.3585667,0.0,0.03585667,0.0
0.22746706,0.9020678,0.99999994,0.052998826,0.4765447,0.99999994,0.17446823,0.42552307,0.0,0.042552307,0.0
0.2602996,0.92553526,0.99999994,0.052998826,0.47935018,0.99999994,0.20730077,0.44618508,0.0,0.04461851,0.0
0.2507443,0.94394314,0.99999994,0.051309414,0.43051803,0.99999994,0.1994349,0.5134251,0.0,0.05134251,0.0
0.26113293,0.9472914,0.99999994,0.045981176,0.38813022,0.99999994,0.21515176,0.5591612,0.0,0.05591612,0.0
0.25271648,0.94040155,0.99999994,0.058609806,0.5259047,0.99999994,0.19410667,0.41449684,0.0,0.041449685,0.0
0.2468,0.94796115,0.99999994,0.06702627,0.6100694,0.99999994,0.17977373,0.33789176,0.0,0.033789176,0.0
0.26363292,0.9657737,0.99999994,0.06702627,0.5892921,0.99999994,0.19660665,0.3764816,0.0,0.03764816,0.0
0.26924393,0.97415173,0.99999994,0.06983176,0.61734706,0.99999994,0.19941217,0.35680467,0.0,0.035680465,0.0
0.28327137,0.96999997,0.99999994,0.07544274,0.6658737,0.99999994,0.20782864,0.30412626,0.0,0.030412626,0.0
0.25521648,0.9758333,0.99999994,0.07066509,0.6751235,0.99999994,0.18455139,0.30070978,0.0,0.03007098,0.0
0.30093762,0.9916666,0.99999994,0.07066509,0.6787623,0.99999994,0.23027253,0.3129043,0.0,0.03129043,0.0
0.31693724,0.99999994,0.99999994,0.07066509,0.6467631,0.99999994,0.24627215,0.35323685,0.0,0.035323687,0.0
0.29252118,0.99999994,0.99999994,0.067859605,0.6027086,0.99999994,0.22466157,0.39729136,0.0,0.039729137,0.0
0.33179802,0.99999994,0.99999994,0.079081565,0.73539996,0.99999994,0.25271645,0.26459998,0.0,0.026459998,0.0
0.33346468,0.99999994,0.99999994,0.09310902,0.7370666,0.99999994,0.24035567,0.2629333,0.0,0.026293332,0.0
0.3587141,0.99999994,0.99999994,0.09872,0.74039996,0.99999994,0.2599941,0.25959998,0.0,0.025959998,0.0
0.43165687,0.99999994,0.99999994,0.10433098,0.7454,0.99999994,0.32732588,0.25459993,0.0,0.025459994,0.0
0.49618313,0.99999994,0.99999994,0.112747446,0.7479,0.99999994,0.38343567,0.25209993,0.0,0.025209993,0.0
0.50262743,0.99999994,0.99999994,0.112747446,0.7495667,0.99999994,0.38988,0.25043327,0.0,0.025043327,0.0
0.5419043,0.99999994,0.99999994,0.112747446,0.75373334,0.99999994,0.42915684,0.2462666,0.0,0.024626661,0.0
0.50346076,0.99999994,0.99999994,0.123969406,0.7612333,0.99999994,0.37949136,0.23876661,0.0,0.023876661,0.0
0.5031553,0.99999994,0.99999994,0.14163569,0.7679,0.99999994,0.3615196,0.23209995,0.0,0.023209995,0.0
0.53037685,0.99999994,0.99999994,0.14807999,0.77456665,0.99999994,0.38229686,0.22543329,0.0,0.02254333,0.0
0.47676706,0.99999994,0.99999994,0.14049685,0.7890906,0.99999994,0.3362702,0.21090937,0.0,0.021090936,0.0
0.57579255,0.99999994,0.99999994,0.17894039,0.8094925,0.99999994,0.39685217,0.19050741,0.0,0.019050742,0.0
0.6066529,0.99999994,0.99999994,0.2229949,0.82993925,0.99999994,0.38365802,0.1700607,0.0,0.01700607,0.0
0.55137646,0.99999994,0.99999994,0.2041898,0.84618944,0.99999994,0.34718665,0.1538105,0.0,0.01538105,0.0
0.5721537,0.99999994,0.99999994,0.17135724,0.85961217,0.99999994,0.40079644,0.14038777,0.0,0.014038777,0.0
0.5564596,0.99999994,0.99999994,0.2069953,0.8682282,0.99999994,0.3494643,0.13177174,0.0,0.013177174,0.0
0.5003498,0.99999994,0.99999994,0.2538553,0.8567847,0.99999994,0.24649453,0.14321524,0.0,0.014321524,0.0
0.4709337,0.99802077,0.99999994,0.18371804,0.814567,0.99999994,0.28721565,0.18345374,0.0,0.018345375,0.0
0.2877435,0.9599255,0.99999994,0.10516432,0.77206665,0.99999994,0.18257919,0.18785882,0.0,0.018785883,0.0
0.11355804,0.8678863,0.99999994,0.084692545,0.74312234,0.99999994,0.028865494,0.124763966,0.0,0.012476397,0.0
0.07515216,0.7793733,0.99999994,0.05102667,0.42315727,0.99999994,0.02412549,0.356216,0.0,0.035621602,0.0
0.052425493,0.75456667,0.99999994,0.045415685,0.3735749,0.9963243,0.007009808,0.38099176,0.0036756396,0.038099177,3.6904014e-05
0.043175686,0.5933757,0.99999994,0.03336039,0.2532443,0.9545682,0.009815294,0.34013137,0.045431733,0.034013137,0.00045614192
0.042610195,0.52976584,0.99434507,0.01989843,0.1087953,0.8673357,0.022711765,0.42097056,0.12700939,0.042097054,0.0012751947
0.028597647,0.26468864,0.95224667,0.019347843,0.06756902,0.69165057,0.009249805,0.19711962,0.2605961,0.019711962,0.0026164267
0.01989843,0.1370953,0.86520743,0.013736864,0.052425493,0.45388904,0.006161566,0.08466981,0.4113184,0.008466981,0.0041297027
0.017375687,0.09001294,0.793927,0.013736864,0.03728196,0.30505884,0.0036388235,0.052730978,0.48886818,0.0052730977,0.004908315
0.016810197,0.07149843,0.5710859,0.013171373,0.034759216,0.29191017,0.0036388244,0.036739215,0.2791757,0.0036739216,0.002802969
0.013171373,0.07627607,0.67170703,0.013171373,0.033925883,0.26052195,0.0,0.042350188,0.4111851,0.004235019,0.0041283644
0.013171373,0.054114904,0.5906533,0.013171373,0.028032158,0.23921686,0.0,0.026082747,0.35143644,0.0026082746,0.0035284783
0.013171373,0.051309414,0.3838804,0.013171373,0.025226668,0.20191216,0.0,0.026082747,0.18196824,0.0026082746,0.0018269904
0.013736864,0.043175686,0.39707452,0.013171373,0.01989843,0.15058,0.0005654907,0.023277257,0.24649452,0.0023277258,0.0024748447
0.013736864,0.042610195,0.42710158,0.013171373,0.01989843,0.16294077,0.0005654907,0.022711765,0.2641608,0.0022711765,0.002652217
0.013171373,0.05102667,0.452351,0.013736864,0.01989843,0.16294077,-0.0005654907,0.031128239,0.28941023,0.003112824,0.0029057253
0.013171373,0.05102667,0.46357295,0.013736864,0.025226668,0.16574627,-0.0005654907,0.0258,0.29782668,0.00258,0.0029902277
0.013171373,0.051309414,0.51407176,0.013171373,0.025226668,0.17135724,0.0,0.026082747,0.34271452,0.0026082746,0.0034409089
0.013171373,0.052998826,0.66192937,0.010648627,0.01989843,0.14777452,0.002522746,0.033100396,0.51415485,0.0033100396,0.005162197
0.013171373,0.061415296,0.61112505,0.010648627,0.01989843,0.15058,0.002522746,0.041516867,0.46054506,0.0041516866,0.0046239463
0.013171373,0.07627607,0.5319149,0.013171373,0.028032158,0.26924393,0.0,0.048243914,0.26267096,0.0048243916,0.0026372587
0.013171373,0.08272039,0.7545816,0.013736864,0.036448628,0.32421488,-0.0005654907,0.046271764,0.4303667,0.0046271766,0.0043209507
0.018782353,0.11441412,0.80675447,0.013736864,0.03784745,0.31656355,0.0050454894,0.07656667,0.49019092,0.0076566665,0.0049215956
0.021870587,0.14974666,0.9002074,0.013736864,0.067859605,0.6262082,0.008133723,0.08188705,0.2739992,0.008188705,0.0027509963
0.025226668,0.21760628,0.966458,0.017375687,0.097581185,0.7679,0.00785098,0.12002509,0.19855803,0.012002509,0.0019935546
0.03728196,0.2891047,0.9925,0.01989843,0.10766432,0.82388234,0.01738353,0.18144038,0.16861767,0.018144038,0.0016929485
0.07627607,0.3395204,0.99999994,0.025226668,0.18030158,0.90505886,0.051049404,0.15921882,0.09494108,0.015921881,0.00095322373
0.09674785,0.5027431,0.99999994,0.028032158,0.21002315,0.9690176,0.06871569,0.29271996,0.030982316,0.029271996,0.00031106744
0.13124706,0.7963376,0.99999994,0.03728196,0.30957648,0.99688977,0.0939651,0.48676112,0.0031101704,0.04867611,3.122661e-05
0.17696823,0.8946565,0.99999994,0.06702627,0.60634744,0.99999994,0.10994196,0.28830904,0.0,0.028830905,0.0
0.27568823,0.9741364,0.99999994,0.09872,0.75123334,0.99999994,0.17696823,0.22290307,0.0,0.022290308,0.0
0.46896157,0.9975,0.99999994,0.13883018,0.7787333,0.99999994,0.33013138,0.21876669,0.0,0.021876669,0.0
0.5949031,0.99999994,0.99999994,0.1733294,0.8024835,0.99999994,0.4215737,0.19751644,0.0,0.019751644,0.0
0.58731997,0.99999994,0.99999994,0.18174587,0.80979013,0.99999994,0.40557408,0.1902098,0.0,0.01902098,0.0
0.49276668,0.99999994,0.99999994,0.16210744,0.80840623,0.99999994,0.33065924,0.1915937,0.0,0.019159371,0.0
0.41815728,0.99999994,0.99999994,0.14049685,0.79916507,0.99999994,0.27766043,0.20083487,0.0,0.020083487,0.0
0.4108796,0.99999994,0.99999994,0.12563607,0.78208154,0.99999994,0.28524354,0.2179184,0.0,0.02179184,0.0
0.40246314,0.99999994,0.99999994,0.13883018,0.76706666,0.99999994,0.26363295,0.23293328,0.0,0.023293328,0.0
0.45212862,0.99999994,0.99999994,0.124802746,0.7554,0.99999994,0.32732588,0.24459994,0.0,0.024459993,0.0
0.4709337,0.99999994,0.99999994,0.10433098,0.74873334,0.99999994,0.36660272,0.2512666,0.0,0.02512666,0.0
0.43810117,0.99999994,0.99999994,0.112747446,0.7479,0.99999994,0.32535374,0.25209993,0.0,0.025209993,0.0
0.4296847,0.99999994,0.99999994,0.11555294,0.7520667,0.99999994,0.31413177,0.24793327,0.0,0.024793327,0.0
0.41482392,0.99999994,0.99999994,0.09955334,0.7520667,0.99999994,0.31527057,0.24793327,0.0,0.024793327,0.0
0.36432508,0.99999994,0.99999994,0.097581185,0.7470667,0.99999994,0.2667439,0.25293326,0.0,0.025293326,0.0
0.30904862,0.99999994,0.99999994,0.09872,0.74039996,0.99999994,0.21032862,0.25959998,0.0,0.025959998,0.0
0.3427145,0.99999994,0.99999994,0.09310902,0.7370666,0.99999994,0.24960548,0.2629333,0.0,0.026293332,0.0
0.4139906,0.99999994,0.99999994,0.07627607,0.6770125,0.99999994,0.33771452,0.32298744,0.0,0.032298744,0.0
0.42521253,0.99999994,0.99999994,0.07066509,0.6481243,0.99999994,0.35454744,0.35187566,0.0,0.035187565,0.0
0.36713058,0.9975,0.99999994,0.084692545,0.7345666,0.99999994,0.28243804,0.26293337,0.0,0.026293337,0.0
0.32702038,0.9916666,0.99999994,0.079081565,0.7337333,0.99999994,0.24793881,0.25793332,0.0,0.025793333,0.0
0.32899255,0.9916666,0.99999994,0.06702627,0.6347078,0.99999994,0.2619663,0.3569588,0.0,0.03569588,0.0
0.30852076,0.9975,0.99999994,0.058609806,0.5244604,0.99999994,0.24991095,0.47303963,0.0,0.047303963,0.0
0.35538077,0.99999994,0.99999994,0.051309414,0.43749022,0.99999994,0.30407137,0.5625097,0.0,0.05625097,0.0
0.37782472,0.99999994,0.99999994,0.051309414,0.4186851,0.99999994,0.32651532,0.5813148,0.0,0.05813148,0.0
0.2841047,0.99999994,0.99999994,0.052998826,0.47676706,0.99999994,0.23110588,0.5232329,0.0,0.05232329,0.0
0.24482785,0.99999994,0.99999994,0.052998826,0.4871557,0.99999994,0.19182903,0.5128442,0.0,0.05128442,0.0
0.28046587,0.9975,0.99999994,0.058609806,0.4936,0.99999994,0.22185606,0.5039,0.0,0.050389998,0.0
0.288049,0.9894047,0.99999994,0.06702627,0.5629039,0.99999994,0.22102274,0.4265008,0.0,0.04265008,0.0
0.25241098,0.97601175,0.99999994,0.06983176,0.62940234,0.99999994,0.18257922,0.3466094,0.0,0.034660943,0.0
0.20866196,0.9567557,0.99999994,0.061415296,0.5511541,0.99999994,0.14724666,0.40560162,0.0,0.040560164,0.0
0.18060705,0.939449,0.99999994,0.045981176,0.40246314,0.99999994,0.13462588,0.5369859,0.0,0.05369859,0.0
0.19744,0.9257584,0.99999994,0.045415685,0.38001922,0.99999994,0.15202431,0.5457392,0.0,0.054573916,0.0
0.21063411,0.9090321,0.99999994,0.045415685,0.3651584,0.99999994,0.16521843,0.54387367,0.0,0.05438737,0.0
0.21988392,0.8844635,0.99999994,0.045415685,0.38396353,0.99999994,0.17446823,0.50049996,0.0,0.050049998,0.0
0.20502314,0.8567847,0.99999994,0.044582352,0.38510236,0.9983333,0.16044079,0.47168234,0.0016666651,0.047168233,1.6733586e-05
0.17052391,0.8240612,0.99999994,0.036448628,0.2812992,0.9963839,0.13407528,0.54276204,0.003616035,0.054276206,3.6305573e-05
0.15566313,0.7893584,0.99999994,0.028597647,0.23641138,0.9922173,0.12706548,0.552947,0.007782638,0.0552947,7.813894e-05
0.13321921,0.7679,0.99999994,0.028597647,0.24482785,0.9883333,0.10462157,0.5230721,0.011666656,0.05230721,0.000117135096
0.10516432,0.7579,0.99999994,0.028597647,0.23921686,0.9891666,0.076566674,0.51868314,0.010833323,0.051868312,0.000108768305
0.107969806,0.7579,0.99999994,0.036448628,0.32732588,0.9966666,0.07152118,0.43057412,0.0033333302,0.043057412,3.346717e-05
0.11638628,0.75373334,0.99999994,0.036448628,0.31693724,0.9966666,0.07993765,0.4367961,0.0033333302,0.04367961,3.346717e-05
0.09674785,0.74873334,0.99999994,0.028032158,0.26082745,0.9908333,0.06871569,0.4879059,0.009166658,0.04879059,9.203472e-05
0.08833137,0.7437333,0.99999994,0.03336039,0.27682704,0.9816666,0.05497098,0.46690625,0.018333316,0.046690624,0.00018406945
0.07627607,0.7395666,0.99999994,0.03336039,0.25271648,0.9671874,0.04291568,0.48685014,0.032812536,0.048685014,0.00032944314
0.06814235,0.73789996,0.99999994,0.03336039,0.22549489,0.95764863,0.034781955,0.51240504,0.042351305,0.051240504,0.00042521392
0.079081565,0.73789996,0.99999994,0.033925883,0.2215506,0.9606992,0.04515568,0.5163494,0.03930074,0.051634938,0.00039458575
0.079081565,0.6560129,0.99999994,0.036448628,0.27963254,0.9730208,0.042632937,0.37638035,0.026979148,0.037638035,0.000270875
0.07066509,0.5878478,0.99999994,0.036448628,0.29449332,0.97994035,0.034216464,0.2933545,0.020059586,0.02933545,0.00020140146
0.079081565,0.64790195,0.99999994,0.033925883,0.26363292,0.9645235,0.04515568,0.38426903,0.035476446,0.038426902,0.00035618924
0.09591451,0.6647349,0.99999994,0.03336039,0.22716157,0.9321722,0.06255412,0.4375733,0.06782776,0.04375733,0.00068100163
0.08385921,0.5814035,0.99999994,0.028032158,0.20866196,0.91037136,0.055827055,0.37274152,0.08962858,0.037274152,0.0008998853
0.061415296,0.5264325,0.99999994,0.028032158,0.22466156,0.9027819,0.03338314,0.30177096,0.09721804,0.030177096,0.00097608473
0.051309414,0.5287102,0.99999994,0.025226668,0.19182903,0.8902521,0.026082747,0.33688116,0.10974783,0.033688117,0.0011018858
0.05102667,0.5166549,0.99999994,0.025226668,0.1573298,0.86962706,0.0258,0.3593251,0.13037288,0.03593251,0.0013089647
0.052998826,0.46896157,0.99999994,0.025226668,0.16294077,0.85507333,0.027772158,0.3060208,0.14492661,0.030602079,0.0014550864
0.045415685,0.41846275,0.99999994,0.025226668,0.16574627,0.85083216,0.020189017,0.25271648,0.14916778,0.025271649,0.0014976684
0.041776862,0.4083796,0.9975,0.027198825,0.16294077,0.84636784,0.014578037,0.24543884,0.15113217,0.024543885,0.0015173913
0.041776862,0.37304705,0.9913839,0.027198825,0.1825792,0.8391357,0.014578037,0.19046785,0.1522482,0.019046785,0.0015285964
0.036448628,0.2784937,0.98610115,0.027198825,0.17052391,0.8299541,0.009249803,0.10796979,0.15614706,0.010796979,0.0015677416
0.033925883,0.24763334,0.9780357,0.027198825,0.15369098,0.8157129,0.0067270584,0.09394236,0.16232276,0.009394236,0.0016297466
0.028597647,0.26924393,0.9713392,0.01989843,0.14807999,0.80226034,0.008699218,0.121163934,0.16907889,0.012116393,0.0016975792
0.028032158,0.25832745,0.96096706,0.017375687,0.13966352,0.7950133,0.01065647,0.11866394,0.16595376,0.0118663935,0.0016662024
0.028032158,0.20305097,0.940818,0.025226668,0.18091254,0.8042545,0.00280549,0.022138432,0.13656354,0.0022138432,0.0013711199
0.028032158,0.21707843,0.9165172,0.025226668,0.18735686,0.8217992,0.00280549,0.029721573,0.09471798,0.0029721572,0.0009509837
0.028032158,0.2631051,0.8944635,0.025226668,0.18174587,0.8332279,0.00280549,0.08135922,0.061235607,0.008135922,0.00061481533
0.025226668,0.27713254,0.87236506,0.01989843,0.16210744,0.8379451,0.005328238,0.1150251,0.034419954,0.01150251,0.00034558188
0.01989843,0.25552195,0.84635293,0.025226668,0.17052391,0.8284361,-0.005328238,0.08499804,0.017916858,0.008499804,0.00017988814
0.01989843,0.1825792,0.8192545,0.025226668,0.16491294,0.80416507,-0.005328238,0.017666265,0.015089452,0.0017666265,0.00015150053
0.01989843,0.15369098,0.80081683,0.01989843,0.12283059,0.7812333,0.0,0.030860387,0.019583523,0.0030860386,0.00019662172
0.025226668,0.1640796,0.78852504,0.01989843,0.13405254,0.7704,0.005328238,0.030027062,0.018125057,0.0030027062,0.0001819785
0.025226668,0.1640796,0.7837929,0.021870587,0.13966352,0.7637333,0.0033560805,0.024416089,0.020059586,0.0024416088,0.00020140146
0.025226668,0.16210744,0.7838078,0.021870587,0.13966352,0.7612333,0.0033560805,0.02244392,0.022574484,0.002244392,0.00022665145
0.025226668,0.16210744,0.7863376,0.019347843,0.12199726,0.7604,0.0058788247,0.04011018,0.025937617,0.0040110177,0.00026041784
0.025226668,0.16210744,0.7899686,0.019347843,0.097581185,0.75956666,0.0058788247,0.06452625,0.030401945,0.006452625,0.00030524042
0.025226668,0.15649647,0.78940314,0.01989843,0.13041373,0.75956666,0.005328238,0.02608274,0.029836476,0.0026082739,0.00029956302
0.025226668,0.15369098,0.7838078,0.025226668,0.14163569,0.7637333,0.0,0.012055293,0.020074487,0.0012055293,0.00020155107
0.01989843,0.1640796,0.7779,0.01989843,0.12283059,0.7637333,0.0,0.041249014,0.014166653,0.0041249013,0.00014223547
0.01989843,0.15846862,0.7798494,0.01989843,0.11441412,0.7604,0.0,0.0440545,0.019449413,0.00440545,0.00019527524
0.021870587,0.14246902,0.7829596,0.021870587,0.11638628,0.7579,0.0,0.02608274,0.02505958,0.0026082739,0.0002516022
0.021870587,0.13405254,0.7779,0.021870587,0.12199726,0.7554,0.0,0.012055285,0.022499979,0.0012055285,0.00022590341
0.021870587,0.14807999,0.7754,0.019347843,0.107969806,0.75456667,0.0025227442,0.040110186,0.020833313,0.0040110187,0.00020916981
0.021870587,0.13405254,0.7729,0.019347843,0.0919702,0.75706667,0.0025227442,0.042082347,0.015833318,0.0042082346,0.00015896907
0.01989843,0.12563607,0.7729,0.019347843,0.10516432,0.75456667,0.00055058673,0.020471752,0.018333316,0.002047175,0.00018406945
0.01989843,0.13405254,0.77456665,0.019347843,0.09955334,0.7529,0.00055058673,0.034499206,0.021666646,0.0034499206,0.00021753661
0.01989843,0.13124706,0.7737333,0.019347843,0.08833137,0.7495667,0.00055058673,0.042915687,0.024166644,0.004291569,0.00024263699
0.01989843,0.13124706,0.7712333,0.019347843,0.09674785,0.74623334,0.00055058673,0.034499206,0.024999976,0.0034499206,0.00025100377
0.01989843,0.14246902,0.7754149,0.017375687,0.091136865,0.7437333,0.0025227424,0.051332153,0.031681597,0.0051332153,0.00031808834
0.01989843,0.14807999,0.7910698,0.017375687,0.091136865,0.7420666,0.0025227424,0.056943126,0.049003184,0.0056943125,0.00049199985
0.025226668,0.13966352,0.80675447,0.019347843,0.09872,0.74289995,0.0058788247,0.04094352,0.063854516,0.004094352,0.0006411096
0.01989843,0.13966352,0.815936,0.019347843,0.11555294,0.7470667,0.00055058673,0.024110578,0.06886935,0.0024110577,0.0006914594
0.021870587,0.1640796,0.80473053,0.019347843,0.107136466,0.74873334,0.0025227442,0.05694314,0.055997193,0.005694314,0.0005622208
0.021870587,0.1668851,0.78212625,0.019347843,0.08833137,0.7470667,0.0025227442,0.07855372,0.03505957,0.0078553725,0.00035200373
0.019347843,0.15088548,0.7662333,0.019347843,0.091136865,0.74289995,0.0,0.059748612,0.02333337,0.0059748613,0.00023427079
0.021870587,0.14246902,0.75873333,0.019347843,0.08272039,0.74039996,0.0025227442,0.059748627,0.018333375,0.0059748627,0.00018407004
0.021870587,0.13405254,0.75623333,0.019347843,0.079081565,0.74039996,0.0025227442,0.05497098,0.015833378,0.005497098,0.00015896966
0.021870587,0.13966352,0.7579,0.013171373,0.067859605,0.63712466,0.008699214,0.07180391,0.12077534,0.0071803913,0.0012126039
0.01989843,0.13321921,0.7579,0.013171373,0.059725884,0.56137645,0.0067270566,0.07349333,0.19652355,0.0073493333,0.001973128
0.017375687,0.13321921,0.75873333,0.013171373,0.067859605,0.6638184,0.004204314,0.06535961,0.09491491,0.006535961,0.000952961
0.017375687,0.13321921,0.7604,0.013171373,0.07627607,0.69384545,0.004204314,0.05694314,0.06655455,0.005694314,0.00066821836
0.01989843,0.12563607,0.7629,0.019347843,0.084692545,0.73789996,0.00055058673,0.040943526,0.025000036,0.0040943525,0.00025100439
0.01989843,0.11721961,0.7637333,0.019347843,0.084692545,0.7387333,0.00055058673,0.032527067,0.025000036,0.0032527067,0.00025100439
0.01989843,0.124802746,0.76206666,0.019347843,0.079081565,0.7199282,0.00055058673,0.04572118,0.042138457,0.004572118,0.00042307688
0.01989843,0.13041373,0.75956666,0.019347843,0.079081565,0.7387333,0.00055058673,0.05133216,0.020833373,0.0051332163,0.00020917042
0.017375687,0.11638628,0.7579,0.013736864,0.079081565,0.7362333,0.0036388235,0.037304714,0.021666706,0.0037304715,0.0002175372
0.021870587,0.11638628,0.7579,0.013736864,0.07066509,0.66329056,0.008133723,0.04572119,0.09460944,0.0045721186,0.00094989396
0.021870587,0.11638628,0.75956666,0.013736864,0.067859605,0.64365214,0.008133723,0.048526675,0.11591452,0.0048526675,0.0011638005
0.019347843,0.113580786,0.7579,0.013736864,0.07066509,0.6456243,0.005610979,0.042915694,0.11227572,0.0042915693,0.0011272663
0.019347843,0.097581185,0.7495667,0.019347843,0.067859605,0.59793097,0.0,0.02972158,0.1516357,0.0029721581,0.0015224469
0.019347843,0.089164704,0.74623334,0.013736864,0.059725884,0.5314325,0.005610979,0.02943882,0.21480083,0.002943882,0.0021566348
0.019347843,0.107969806,0.7265949,0.013171373,0.067859605,0.6035419,0.00617647,0.0401102,0.123053014,0.00401102,0.001235472
0.019347843,0.10433098,0.7437333,0.018782353,0.07066509,0.6792902,0.00056548975,0.033665888,0.06444311,0.0033665888,0.0006470192
0.019347843,0.08833137,0.7420666,0.018782353,0.07627607,0.7177337,0.00056548975,0.0120553,0.02433294,0.00120553,0.00024430663
0.019347843,0.08833137,0.74289995,0.013171373,0.067859605,0.58557016,0.00617647,0.020471767,0.1573298,0.0020471767,0.0015796165
0.018782353,0.07627607,0.7420666,0.013736864,0.05944314,0.48176706,0.0050454894,0.016832933,0.26029956,0.0016832933,0.0026134495
0.018782353,0.07627607,0.68117917,0.013736864,0.067859605,0.6055141,0.0050454894,0.008416466,0.07566506,0.00084164663,0.0007596893
0.013171373,0.07627607,0.7412333,0.013171373,0.07066509,0.6849011,0.0,0.00561098,0.05633217,0.000561098,0.00056558405
0.011199215,0.085525885,0.7412333,0.013171373,0.059725884,0.6147639,-0.0019721575,0.0258,0.12646937,0.00258,0.0012697729
0.017375687,0.091136865,0.7412333,0.018782353,0.05944314,0.5662372,-0.0014066659,0.031693727,0.17499608,0.0031693727,0.0017569888
0.011764706,0.079081565,0.7395666,0.013171373,0.06224863,0.52332157,-0.0014066668,0.016832937,0.21624506,0.0016832936,0.002171135
0.011764706,0.067859605,0.7359278,0.013171373,0.052142747,0.4363514,-0.0014066668,0.015716858,0.29957643,0.0015716858,0.0030077954
0.019347843,0.06224863,0.62287486,0.013171373,0.052142747,0.44757336,0.00617647,0.010105882,0.17530149,0.0010105881,0.0017600552
0.018782353,0.059725884,0.7129561,0.013736864,0.05383216,0.50846076,0.0050454894,0.005893726,0.20449531,0.0005893726,0.0020531658
0.018782353,0.06224863,0.7093172,0.013736864,0.052998826,0.47843373,0.0050454894,0.009249803,0.23088348,0.00092498027,0.0023181073
0.018782353,0.06224863,0.5370435,0.013171373,0.058609806,0.5300714,0.00561098,0.0036388226,0.006972134,0.00036388225,7.000135e-05
0.013171373,0.06224863,0.5418212,0.013171373,0.052998826,0.4936,0.0,0.009249803,0.04822117,0.00092498027,0.0004841483
0.013736864,0.05944314,0.56343174,0.013171373,0.051309414,0.4495455,0.0005654907,0.008133724,0.11388624,0.00081337243,0.0011434362
0.019347843,0.05944314,0.5157384,0.013171373,0.052998826,0.47593373,0.00617647,0.0064443126,0.039804697,0.0006444313,0.00039964556
0.019347843,0.07066509,0.5637372,0.013171373,0.051309414,0.46190628,0.00617647,0.019355677,0.10183093,0.0019355677,0.0010223989
0.013736864,0.07066509,0.5789035,0.013171373,0.051309414,0.42907375,0.0005654907,0.019355677,0.14982975,0.0019355677,0.0015043147
0.013736864,0.07066509,0.48518354,0.013171373,0.051309414,0.4534898,0.0005654907,0.019355677,0.031693727,0.0019355677,0.0003182101
0.013736864,0.06224863,0.5160439,0.013171373,0.052998826,0.5087663,0.0005654907,0.009249803,0.007277608,0.00092498027,7.306835e-05
0.018782353,0.06224863,0.59823644,0.013171373,0.051309414,0.4675173,0.00561098,0.010939214,0.13071916,0.0010939215,0.0013124413
0.018782353,0.067859605,0.5822368,0.013171373,0.051309414,0.452351,0.00561098,0.01655019,0.12988582,0.0016550191,0.0013040745
0.018782353,0.07066509,0.6215137,0.018782353,0.052998826,0.5020165,0.0,0.017666265,0.11949724,0.0017666265,0.0011997715
0.013171373,0.07066509,0.7197058,0.013171373,0.058609806,0.5020165,0.0,0.012055285,0.21768934,0.0012055285,0.002185636
0.013171373,0.06224863,0.6708737,0.013736864,0.058609806,0.51801604,-0.0005654907,0.0036388226,0.15285766,0.00036388225,0.0015347155
0.018782353,0.067859605,0.66806823,0.013736864,0.058609806,0.5087663,0.0050454894,0.009249799,0.15930194,0.0009249799,0.0015994171
0.018782353,0.07066509,0.7345666,0.013736864,0.05102667,0.3965467,0.0050454894,0.019638423,0.33801994,0.0019638422,0.0033937746
0.013171373,0.067859605,0.64842975,0.013736864,0.052998826,0.4697949,-0.0005654907,0.014860779,0.17863485,0.0014860779,0.0017935226
0.013736864,0.079081565,0.52021056,0.013736864,0.052998826,0.4762392,0.0,0.02608274,0.04397136,0.0026082739,0.00044147953
0.019347843,0.079081565,0.5106553,0.013736864,0.042610195,0.3600753,0.005610979,0.03647137,0.15057999,0.003647137,0.0015118473
0.019347843,0.07627607,0.6450133,0.013736864,0.042610195,0.36204743,0.005610979,0.033665877,0.28296584,0.0033665877,0.0028410226
0.013736864,0.079081565,0.72076154,0.013736864,0.05102667,0.4052686,0.0,0.028054897,0.31549293,0.0028054896,0.0031675997
0.013736864,0.084692545,0.7412333,0.013736864,0.05102667,0.42012942,0.0,0.033665877,0.32110387,0.0033665877,0.0032239344
0.019347843,0.090303525,0.7395666,0.013736864,0.05102667,0.41171294,0.005610979,0.039276857,0.32785368,0.003927686,0.0032917038
0.019347843,0.07627607,0.7395666,0.013736864,0.045415685,0.38646352,0.005610979,0.030860387,0.3531031,0.0030860386,0.0035452119
0.019347843,0.07627607,0.70870626,0.013736864,0.045415685,0.3612141,0.005610979,0.030860387,0.34749216,0.0030860386,0.003488877
0.019347843,0.08833137,0.7331223,0.013736864,0.042610195,0.34999213,0.005610979,0.045721177,0.38313016,0.0045721177,0.0038466884
0.019347843,0.079914905,0.6525964,0.013736864,0.042610195,0.3303537,0.005610979,0.03730471,0.3222427,0.003730471,0.0032353685
0.019347843,0.079914905,0.68148464,0.013736864,0.03728196,0.31352076,0.005610979,0.042632945,0.36796388,0.0042632944,0.0036944165
0.019347843,0.08272039,0.74039996,0.013736864,0.03728196,0.33877018,0.005610979,0.04543843,0.40162978,0.004543843,0.0040324274
0.019347843,0.091136865,0.7412333,0.013736864,0.042610195,0.36318624,0.005610979,0.04852667,0.37804705,0.004852667,0.003795653
0.019347843,0.091136865,0.7412333,0.013736864,0.03728196,0.3211039,0.005610979,0.053854905,0.4201294,0.0053854906,0.0042181667
0.019347843,0.079914905,0.7412333,0.013171373,0.03728196,0.29668784,0.00617647,0.042632945,0.44454545,0.0042632944,0.0044633076
0.019347843,0.07149843,0.7420666,0.013171373,0.034759216,0.29668784,0.00617647,0.036739215,0.44537878,0.0036739216,0.0044716746
0.019347843,0.091136865,0.7445667,0.013171373,0.03728196,0.34635332,0.00617647,0.053854905,0.39821336,0.0053854906,0.003998126
0.017375687,0.09872,0.7470667,0.013171373,0.03728196,0.32952037,0.004204314,0.06143804,0.4175463,0.0061438037,0.004192232
0.017375687,0.09674785,0.7454,0.013171373,0.034759216,0.2677996,0.004204314,0.061988637,0.47760043,0.0061988635,0.0047951853
0.017375687,0.09872,0.7479,0.013171373,0.03728196,0.2902435,0.004204314,0.06143804,0.4576565,0.0061438037,0.004594945
0.017375687,0.10433098,0.7554,0.013171373,0.042610195,0.34635332,0.004204314,0.061720785,0.40904668,0.0061720787,0.0041068946
0.01989843,0.1295804,0.75706667,0.013171373,0.042610195,0.34635332,0.0067270566,0.086970195,0.41071334,0.00869702,0.004123628
0.017375687,0.12116392,0.7520667,0.013171373,0.03728196,0.3146596,0.004204314,0.08388196,0.43740708,0.008388196,0.004391637
0.017375687,0.09872,0.7504,0.013171373,0.03728196,0.32588154,0.004204314,0.06143804,0.42451847,0.0061438037,0.0042622336
0.017375687,0.107969806,0.75123334,0.013171373,0.042610195,0.32952037,0.004204314,0.06535961,0.42171296,0.006535961,0.004234066
0.019347843,0.107969806,0.7495667,0.013171373,0.042610195,0.339909,0.00617647,0.06535961,0.4096577,0.006535961,0.004113029
0.019347843,0.10516432,0.74623334,0.013171373,0.03728196,0.31382626,0.00617647,0.06788236,0.43240708,0.006788236,0.0043414366
0.019347843,0.10516432,0.74623334,0.013171373,0.034759216,0.2529388,0.00617647,0.0704051,0.49329454,0.0070405104,0.0049527567
0.021870587,0.10516432,0.7437333,0.013171373,0.03728196,0.27174392,0.008699214,0.06788236,0.47198936,0.006788236,0.004738849
0.01989843,0.112747446,0.74289995,0.013171373,0.03728196,0.27174392,0.0067270566,0.075465485,0.47115603,0.0075465487,0.004730482
0.017375687,0.112747446,0.73698354,0.013171373,0.029430982,0.23527256,0.004204314,0.08331646,0.501711,0.008331646,0.0050372593
0.017375687,0.10433098,0.7445667,0.013171373,0.028597647,0.25968862,0.004204314,0.075733334,0.48487806,0.0075733336,0.0048682536
0.01989843,0.112747446,0.74623334,0.013171373,0.036448628,0.3186039,0.0067270566,0.07629882,0.42762944,0.0076298816,0.0042934683
0.01989843,0.107969806,0.74873334,0.013171373,0.036448628,0.3082153,0.0067270566,0.07152118,0.44051805,0.007152118,0.004422872
0.01989843,0.11638628,0.74873334,0.013736864,0.033925883,0.28577137,0.006161566,0.082460396,0.46296197,0.00824604,0.004648213
0.01989843,0.112747446,0.7479,0.013736864,0.034759216,0.28016037,0.006161566,0.07798823,0.46773964,0.007798823,0.004696181
0.01989843,0.091136865,0.7470667,0.013171373,0.03728196,0.29502118,0.0067270566,0.053854905,0.4520455,0.0053854906,0.0045386096
0.017375687,0.09674785,0.7479,0.013171373,0.03728196,0.31663173,0.004204314,0.059465893,0.43126827,0.005946589,0.0043300027
0.017375687,0.09872,0.7479,0.013171373,0.034759216,0.25491098,0.004204314,0.06396078,0.49298903,0.0063960785,0.0049496894
0.017375687,0.091136865,0.7479,0.013171373,0.028597647,0.21282864,0.004204314,0.06253922,0.5350714,0.006253922,0.0053722025
0.017375687,0.09674785,0.74623334,0.013171373,0.028597647,0.22041178,0.004204314,0.06815021,0.52582157,0.006815021,0.005279333
0.017375687,0.09872,0.74623334,0.013171373,0.028597647,0.22041178,0.004204314,0.070122354,0.52582157,0.0070122355,0.005279333
0.017375687,0.09674785,0.7445667,0.013171373,0.025792157,0.20357883,0.004204314,0.07095569,0.54098785,0.0070955693,0.005431605
0.017375687,0.091136865,0.74289995,0.013171373,0.025792157,0.21760628,0.004204314,0.065344706,0.5252937,0.0065344707,0.005274033
0.017375687,0.091136865,0.74623334,0.013171373,0.025226668,0.1931902,0.004204314,0.0659102,0.5530431,0.0065910197,0.005552642
0.017375687,0.107136466,0.7454,0.013171373,0.028032158,0.18477373,0.004204314,0.079104304,0.56062627,0.00791043,0.0056287777
0.017375687,0.09872,0.7445667,0.013171373,0.03336039,0.25968862,0.004204314,0.06535961,0.48487806,0.006535961,0.0048682536
0.017375687,0.084692545,0.7165117,0.013171373,0.028032158,0.23527256,0.004204314,0.056660388,0.48123917,0.005666039,0.0048317187
0.016810197,0.07627607,0.7412333,0.013171373,0.028032158,0.20077334,0.0036388244,0.048243914,0.54045993,0.0048243916,0.0054263044
0.018782353,0.084692545,0.7395666,0.013171373,0.028032158,0.21760628,0.00561098,0.056660388,0.5219604,0.005666039,0.005240566
0.018782353,0.08188705,0.74039996,0.013171373,0.025226668,0.20077334,0.00561098,0.056660384,0.5396266,0.0056660385,0.005417938
0.018782353,0.08188705,0.74039996,0.013171373,0.028032158,0.23443922,0.00561098,0.053854894,0.5059607,0.005385489,0.005079927
0.018782353,0.084692545,0.7395666,0.013171373,0.03336039,0.25885528,0.00561098,0.051332153,0.48071134,0.0051332153,0.004826419
0.018782353,0.084692545,0.6806513,0.013171373,0.028032158,0.2428557,0.00561098,0.056660388,0.4377956,0.005666039,0.0043955385
0.013171373,0.084692545,0.73789996,0.013171373,0.028032158,0.22041178,0.0,0.056660388,0.5174882,0.005666039,0.0051956647
0.013171373,0.06224863,0.7269835,0.013171373,0.028032158,0.2308004,0.0,0.03421647,0.4961831,0.003421647,0.004981758
0.013736864,0.067859605,0.6532074,0.013171373,0.03336039,0.24763334,0.0005654907,0.034499213,0.40557408,0.0034499213,0.004072029
0.013736864,0.07627607,0.6243192,0.013171373,0.028032158,0.21957844,0.0005654907,0.048243914,0.40474075,0.0048243916,0.004063662
0.013736864,0.079081565,0.5334047,0.013171373,0.028032158,0.18955138,0.0005654907,0.051049408,0.34385332,0.005104941,0.0034523427
0.019347843,0.07627607,0.5305992,0.013171373,0.028032158,0.2027455,0.00617647,0.048243914,0.32785368,0.0048243916,0.0032917038
0.019347843,0.07066509,0.5673761,0.013171373,0.028032158,0.21313412,0.00617647,0.042632934,0.35424197,0.0042632935,0.0035566464
0.013736864,0.058609806,0.5749592,0.013171373,0.028032158,0.20471765,0.0005654907,0.030577648,0.37024158,0.0030577648,0.003717285
0.013736864,0.051309414,0.59262544,0.013171373,0.028032158,0.1931902,0.0005654907,0.023277257,0.39943522,0.0023277258,0.0040103937
0.013736864,0.058609806,0.58057016,0.013171373,0.028032158,0.1931902,0.0005654907,0.030577648,0.38737994,0.0030577648,0.003889357
0.013171373,0.061415296,0.5320435,0.013171373,0.025792157,0.19796786,0.0,0.03562314,0.33407566,0.003562314,0.0033541734
0.013171373,0.052998826,0.43749022,0.013171373,0.025792157,0.19516237,0.0,0.027206669,0.24232785,0.0027206668,0.0024330106
0.013171373,0.051309414,0.4097408,0.013171373,0.025226668,0.18030158,0.0,0.026082747,0.22943923,0.0026082746,0.0023036068
0.013171373,0.045981176,0.39571333,0.013171373,0.025226668,0.18113491,0.0,0.020754509,0.21457842,0.002075451,0.0021544017
0.013171373,0.042610195,0.3547698,0.013171373,0.028032158,0.22882824,0.0,0.014578037,0.12594156,0.0014578036,0.0012644735
0.013171373,0.042610195,0.32474273,0.013171373,0.028032158,0.23724471,0.0,0.014578037,0.087498024,0.0014578036,0.00087849423
0.013171373,0.042610195,0.34718665,0.013171373,0.01989843,0.16149648,0.0,0.022711765,0.18569018,0.0022711765,0.0018643592
0.013171373,0.045415685,0.43051803,0.013171373,0.025226668,0.16066314,0.0,0.020189017,0.2698549,0.0020189018,0.0027093866
0.013171373,0.042610195,0.43332353,0.013171373,0.028032158,0.20191216,0.0,0.014578037,0.23141137,0.0014578036,0.0023234074
0.013171373,0.034759216,0.38282472,0.013171373,0.028032158,0.21874511,0.0,0.0067270584,0.1640796,0.0006727058,0.0016473857
0.010648627,0.03728196,0.339909,0.013171373,0.025226668,0.19796786,-0.002522746,0.012055293,0.14194113,0.0012055293,0.0014251118
0.010648627,0.041776862,0.34749213,0.013171373,0.025226668,0.21116197,-0.002522746,0.016550194,0.13633016,0.0016550195,0.0013687767
0.013171373,0.033925883,0.33149254,0.013171373,0.025226668,0.22238393,0.0,0.008699216,0.10910861,0.0008699216,0.0010954681
0.013171373,0.033925883,0.27621606,0.013171373,0.025226668,0.17552392,0.0,0.008699216,0.10069214,0.0008699216,0.0010109652
0.013171373,0.036448628,0.2902435,0.013171373,0.025226668,0.16430196,0.0,0.01122196,0.12594154,0.001122196,0.0012644733
0.013171373,0.03728196,0.30624312,0.013171373,0.025226668,0.18030158,0.0,0.012055293,0.12594154,0.0012055293,0.0012644733
0.013171373,0.03728196,0.339909,0.013171373,0.025226668,0.19713452,0.0,0.012055293,0.14277446,0.0012055293,0.0014334786
0.010648627,0.036448628,0.3250482,0.013171373,0.025226668,0.20752315,-0.002522746,0.01122196,0.117525056,0.001122196,0.0011799705
0.010648627,0.028597647,0.2745494,0.010648627,0.025226668,0.19152354,0.0,0.0033709798,0.08302586,0.00033709797,0.00083359296
0.013171373,0.033925883,0.27174392,0.010648627,0.025226668,0.1718851,0.002522746,0.008699216,0.09985882,0.0008699216,0.0010025987
0.013171373,0.036448628,0.28577137,0.013171373,0.01989843,0.15535764,0.0,0.016550198,0.13041373,0.0016550198,0.0013093748
0.013171373,0.033925883,0.25968862,0.013171373,0.01989843,0.1253306,0.0,0.014027454,0.13435802,0.0014027454,0.0013489762
0.013171373,0.033925883,0.23443922,0.013171373,0.01989843,0.10906314,0.0,0.014027454,0.12537608,0.0014027454,0.001258796
0.013171373,0.036448628,0.20077334,0.013171373,0.01989843,0.1253306,0.0,0.016550198,0.07544275,0.0016550198,0.0007574573
0.013171373,0.036448628,0.18757921,0.013736864,0.01989843,0.14019138,-0.0005654907,0.016550198,0.04738784,0.0016550198,0.0004757815
0.013171373,0.028597647,0.25127214,0.013736864,0.01989843,0.1253306,-0.0005654907,0.008699218,0.12594154,0.00086992176,0.0012644733
0.013171373,0.028597647,0.26727176,0.013171373,0.01989843,0.122525096,0.0,0.008699218,0.14474666,0.00086992176,0.0014532798
0.013171373,0.028597647,0.24566118,0.010648627,0.01989843,0.12449726,0.002522746,0.008699218,0.12116393,0.00086992176,0.0012165053
0.013171373,0.025792157,0.20077334,0.010648627,0.01989843,0.12449726,0.002522746,0.0058937278,0.076276086,0.00058937276,0.00076582417
0.010648627,0.028597647,0.17832941,0.013171373,0.01989843,0.12169176,-0.002522746,0.008699218,0.056637645,0.00086992176,0.00056865107
0.010648627,0.028597647,0.18955138,0.010648627,0.01989843,0.116914116,0.0,0.008699218,0.07263727,0.00086992176,0.00072928984
0.013171373,0.028597647,0.21957844,0.010648627,0.01989843,0.13094157,0.002522746,0.008699218,0.088636875,0.00086992176,0.0008899285
0.013171373,0.033925883,0.19796786,0.013171373,0.01989843,0.122525096,0.0,0.014027454,0.07544276,0.0014027454,0.00075745746
0.013171373,0.028597647,0.18113491,0.013171373,0.01989843,0.116914116,0.0,0.008699218,0.06422079,0.00086992176,0.0006447871
0.013171373,0.028032158,0.22041178,0.013171373,0.01989843,0.122525096,0.0,0.008133728,0.09788668,0.0008133728,0.000982798
0.013171373,0.028865492,0.21760628,0.013171373,0.017375687,0.1132753,0.0,0.011489805,0.10433098,0.0011489805,0.0010474998
0.013171373,0.034193724,0.20357883,0.010648627,0.017375687,0.11608078,0.002522746,0.016818037,0.08749805,0.0016818037,0.00087849447
0.013171373,0.03336039,0.22124511,0.010648627,0.01989843,0.12169176,0.002522746,0.013461962,0.09955335,0.0013461963,0.0009995316
0.010648627,0.028597647,0.28016037,0.013171373,0.01989843,0.11608078,-0.002522746,0.008699218,0.16407958,0.00086992176,0.0016473853
0.010648627,0.033925883,0.3214094,0.013171373,0.01989843,0.12169176,-0.002522746,0.014027454,0.19971764,0.0014027454,0.0020051973
0.013171373,0.036448628,0.2933545,0.010648627,0.017375687,0.10766432,0.002522746,0.01907294,0.1856902,0.001907294,0.0018643594
0.013171373,0.033925883,0.24649452,0.010648627,0.017375687,0.09841452,0.002522746,0.016550196,0.14807999,0.0016550196,0.001486747
0.013171373,0.028597647,0.21002315,0.010648627,0.017375687,0.09841452,0.002522746,0.01122196,0.11160863,0.001122196,0.0011205686
0.013171373,0.028597647,0.24649452,0.010648627,0.017375687,0.09644236,0.002522746,0.01122196,0.15005216,0.001122196,0.0015065478
0.013171373,0.033925883,0.2428557,0.010648627,0.01989843,0.10402549,0.002522746,0.014027454,0.13883021,0.0014027454,0.0013938777
0.013171373,0.033925883,0.20918982,0.013171373,0.017375687,0.0916647,0.0,0.016550196,0.117525116,0.0016550196,0.001179971
0.013171373,0.033925883,0.20077334,0.013171373,0.017375687,0.09727569,0.0,0.016550196,0.103497654,0.0016550196,0.001039133
0.013171373,0.033925883,0.21116197,0.013171373,0.01989843,0.10402549,0.0,0.014027454,0.10713648,0.0014027454,0.0010756674
0.013171373,0.028597647,0.22041178,0.010648627,0.017375687,0.09083137,0.002522746,0.01122196,0.12958041,0.001122196,0.0013010082
0.013171373,0.028597647,0.22602275,0.010648627,0.017375687,0.082980394,0.002522746,0.01122196,0.14304236,0.001122196,0.0014361682
0.013171373,0.028597647,0.25127214,0.010648627,0.017375687,0.09644236,0.002522746,0.01122196,0.15482979,0.001122196,0.0015545159
0.013171373,0.028597647,0.2681051,0.010648627,0.01989843,0.11608078,0.002522746,0.008699218,0.1520243,0.00086992176,0.0015263484
0.013171373,0.033925883,0.2709106,0.013171373,0.017375687,0.10766432,0.0,0.016550196,0.16324627,0.0016550196,0.0016390189
0.013171373,0.028597647,0.26332745,0.013171373,0.017375687,0.08802588,0.0,0.01122196,0.17530157,0.001122196,0.0017600559
0.013171373,0.028597647,0.2773549,0.013171373,0.017375687,0.07960941,0.0,0.01122196,0.19774549,0.001122196,0.0019853965
0.013171373,0.034759216,0.26893842,0.013171373,0.017375687,0.0824149,0.0,0.017383529,0.18652353,0.0017383529,0.0018727263
0.013171373,0.029430982,0.2304949,0.010648627,0.017375687,0.09083137,0.002522746,0.012055295,0.13966353,0.0012055294,0.0014022443
0.013171373,0.029430982,0.28016037,0.010648627,0.011764706,0.07960941,0.002522746,0.017666277,0.20055096,0.0017666277,0.0020135639
0.013171373,0.034759216,0.26052195,0.013171373,0.011764706,0.07960941,0.0,0.02299451,0.18091254,0.002299451,0.001816391
0.013171373,0.028597647,0.22768942,0.013171373,0.017375687,0.09083137,0.0,0.01122196,0.13685805,0.001122196,0.0013740768
0.013171373,0.028597647,0.2681051,0.010648627,0.017375687,0.07960941,0.002522746,0.01122196,0.18849568,0.001122196,0.001892527
0.013171373,0.033925883,0.24649452,0.010648627,0.017375687,0.071758434,0.002522746,0.016550196,0.17473608,0.0016550196,0.0017543783
0.013171373,0.033925883,0.21843961,0.010648627,0.017375687,0.066430196,0.002522746,0.016550196,0.15200941,0.0016550196,0.0015261989
0.013171373,0.034759216,0.19682904,0.010648627,0.019347843,0.07960941,0.002522746,0.015411373,0.11721963,0.0015411373,0.001176904
0.013171373,0.034759216,0.2119953,0.010648627,0.019347843,0.0824149,0.002522746,0.015411373,0.12958041,0.0015411373,0.0013010082
0.013171373,0.034759216,0.24566118,0.013171373,0.013736864,0.06840235,0.0,0.021022353,0.17725883,0.0021022353,0.0017797071
0.013171373,0.034759216,0.23443922,0.013171373,0.013736864,0.06559686,0.0,0.021022353,0.16884236,0.0021022353,0.0016952044
0.013171373,0.028597647,0.21760628,0.013171373,0.017375687,0.07373059,0.0,0.01122196,0.14387569,0.001122196,0.0014445351
0.013171373,0.028032158,0.1931902,0.010648627,0.017375687,0.08438706,0.002522746,0.01065647,0.108803146,0.001065647,0.0010924011
0.013171373,0.028032158,0.22041178,0.010648627,0.017375687,0.08158157,0.002522746,0.01065647,0.13883021,0.001065647,0.0013938777
0.013171373,0.028032158,0.2428557,0.010648627,0.011764706,0.05970314,0.002522746,0.016267452,0.18315256,0.0016267452,0.0018388812
0.013171373,0.028032158,0.21760628,0.010648627,0.011764706,0.05718039,0.002522746,0.016267452,0.16042589,0.0016267452,0.0016107017
0.013171373,0.028032158,0.18477373,0.010648627,0.011764706,0.06503137,0.002522746,0.016267452,0.119742356,0.0016267452,0.0012022326
0.013171373,0.028032158,0.17832941,0.010648627,0.017375687,0.06503137,0.002522746,0.01065647,0.113298036,0.001065647,0.0011375305
0.013171373,0.03336039,0.2027455,0.010648627,0.017375687,0.05718039,0.002522746,0.015984705,0.14556511,0.0015984705,0.001461497
0.013171373,0.028597647,0.21396746,0.010648627,0.017375687,0.05970314,0.002522746,0.01122196,0.15426432,0.001122196,0.0015488386
0.010648627,0.028597647,0.2279949,0.010648627,0.017375687,0.05970314,0.0,0.01122196,0.16829176,0.001122196,0.0016896763
0.010648627,0.028597647,0.19796786,0.010648627,0.011764706,0.05718039,0.0,0.01683294,0.14078747,0.0016832941,0.0014135288
0.013171373,0.025792157,0.20555098,0.010648627,0.011764706,0.05970314,0.002522746,0.014027451,0.14584784,0.0014027451,0.0014643358
0.010648627,0.025792157,0.21760628,0.010648627,0.011764706,0.05970314,0.0,0.014027451,0.15790313,0.0014027451,0.0015853728
0.010648627,0.025792157,0.1959957,0.010648627,0.011764706,0.05718039,0.0,0.014027451,0.13881531,0.0014027451,0.0013937281
0.010648627,0.025792157,0.2428557,0.010648627,0.017375687,0.05970314,0.0,0.00841647,0.18315256,0.00084164704,0.0018388812
0.010648627,0.028032158,0.25968862,0.010648627,0.017375687,0.06503137,0.0,0.01065647,0.19465724,0.001065647,0.00195439
0.010648627,0.025226668,0.22882824,0.010648627,0.017375687,0.06503137,0.0,0.00785098,0.16379687,0.00078509806,0.001644547
0.013171373,0.025226668,0.19796786,0.010648627,0.011199215,0.061943136,0.002522746,0.014027452,0.13602471,0.0014027453,0.00136571
0.013171373,0.025226668,0.19516237,0.010648627,0.011199215,0.053809416,0.002522746,0.014027452,0.14135295,0.0014027453,0.0014192064
0.010648627,0.025226668,0.21313412,0.010648627,0.011199215,0.053809416,0.0,0.014027452,0.1593247,0.0014027453,0.0015996457
0.010648627,0.026060002,0.21313412,0.010648627,0.013171373,0.053809416,0.0,0.012888629,0.1593247,0.0012888629,0.0015996457
0.013171373,0.026625492,0.18591255,0.010648627,0.013736864,0.053809416,0.002522746,0.012888628,0.13210313,0.0012888628,0.0013263366
0.013171373,0.020463921,0.18310706,0.010648627,0.013736864,0.059420396,0.002522746,0.0067270575,0.12368667,0.00067270576,0.001241834
0.013171373,0.01989843,0.18030158,0.013171373,0.013736864,0.059420396,0.0,0.006161566,0.120881185,0.0006161566,0.0012136665
0.013171373,0.025226668,0.1718851,0.010648627,0.011764706,0.052120004,0.002522746,0.013461961,0.1197651,0.0013461962,0.0012024608
0.013171373,0.028032158,0.1718851,0.010648627,0.011764706,0.046791762,0.002522746,0.016267452,0.12509334,0.0016267452,0.0012559573
0.013171373,0.028032158,0.16346863,0.010648627,0.011764706,0.053809416,0.002522746,0.016267452,0.10965921,0.0016267452,0.001100996
0.013171373,0.028597647,0.15785766,0.010648627,0.011764706,0.053809416,0.002522746,0.01683294,0.10404824,0.0016832941,0.001044661
0.013171373,0.025792157,0.14860785,0.010648627,0.011764706,0.052120004,0.002522746,0.014027451,0.09648785,0.0014027451,0.00096875353
0.013171373,0.025226668,0.14777452,0.010648627,0.011764706,0.052120004,0.002522746,0.013461961,0.09565452,0.0013461962,0.0009603867
0.013171373,0.025226668,0.13094157,0.010648627,0.011764706,0.052120004,0.002522746,0.013461961,0.07882157,0.0013461962,0.00079138123
0.013171373,0.025226668,0.11410863,0.010648627,0.011764706,0.052120004,0.002522746,0.013461961,0.061988626,0.0013461962,0.00062237575
0.010648627,0.025226668,0.13374707,0.013171373,0.011764706,0.052120004,-0.002522746,0.013461961,0.08162707,0.0013461962,0.0008195489
0.010648627,0.025792157,0.15816313,0.013171373,0.011199215,0.052120004,-0.002522746,0.014592942,0.10604313,0.0014592942,0.0010646901
0.010648627,0.025792157,0.14216353,0.010648627,0.011199215,0.052120004,0.0,0.014592942,0.09004353,0.0014592942,0.0009040515
0.010648627,0.01989843,0.122525096,0.010648627,0.011199215,0.052120004,0.0,0.008699214,0.070405096,0.0008699214,0.0007068785
0.010648627,0.01989843,0.122525096,0.010648627,0.011199215,0.051286668,0.0,0.008699214,0.07123843,0.0008699214,0.00071524526
0.010648627,0.01989843,0.14216353,0.010648627,0.011764706,0.051286668,0.0,0.008133723,0.09087686,0.0008133723,0.0009124183
0.010648627,0.01989843,0.13010824,0.010648627,0.011764706,0.04595843,0.0,0.008133723,0.08414981,0.0008133723,0.0008448776
0.010648627,0.01989843,0.10766432,0.010648627,0.011764706,0.043152936,0.0,0.008133723,0.06451138,0.0008133723,0.00064770464
0.010648627,0.01989843,0.12169176,0.010648627,0.011764706,0.04595843,0.0,0.008133723,0.075733334,0.0008133723,0.0007603748
0.010648627,0.01989843,0.13010824,0.010648627,0.011764706,0.04595843,0.0,0.008133723,0.08414981,0.0008133723,0.0008448776
0.013171373,0.01989843,0.11608078,0.010648627,0.011764706,0.051286668,0.002522746,0.008133723,0.064794116,0.0008133723,0.0006505433
0.010648627,0.017375687,0.10485882,0.010648627,0.011764706,0.04595843,0.0,0.005610981,0.058900394,0.0005610981,0.0005913694
0.010648627,0.017375687,0.09924785,0.010648627,0.011764706,0.046791762,0.0,0.005610981,0.05245609,0.0005610981,0.0005266676
0.010648627,0.017375687,0.0916647,0.010648627,0.011764706,0.046791762,0.0,0.005610981,0.04487294,0.0005610981,0.00045053152
0.010648627,0.017375687,0.0916647,0.010648627,0.011764706,0.043152936,0.0,0.005610981,0.048511766,0.0005610981,0.00048706593
0.010648627,0.017375687,0.09727569,0.010648627,0.011199215,0.04595843,0.0,0.0061764717,0.05131726,0.0006176472,0.00051523355
0.010648627,0.017375687,0.09083137,0.010648627,0.011199215,0.04595843,0.0,0.0061764717,0.04487294,0.0006176472,0.00045053152
0.010648627,0.017375687,0.082980394,0.010648627,0.011199215,0.04595843,0.0,0.0061764717,0.037021965,0.0006176472,0.00037170647
0.010648627,0.017375687,0.0801749,0.010648627,0.011199215,0.04595843,0.0,0.0061764717,0.03421647,0.0006176472,0.00034353888
0.010648627,0.01989843,0.082980394,0.010648627,0.011764706,0.043152936,0.0,0.008133723,0.03982746,0.0008133723,0.0003998741
0.010648627,0.01989843,0.082980394,0.010648627,0.011764706,0.043986272,0.0,0.008133723,0.038994122,0.0008133723,0.00039150726
0.010648627,0.01989843,0.0801749,0.010648627,0.011199215,0.046791762,0.0,0.008699214,0.03338314,0.0008699214,0.00033517208
0.010648627,0.01989843,0.0916647,0.010648627,0.011199215,0.04595843,0.0,0.008699214,0.045706272,0.0008699214,0.0004588983
0.010648627,0.017375687,0.09924785,0.010648627,0.011199215,0.04595843,0.0,0.0061764717,0.05328942,0.0006176472,0.00053503434
0.010648627,0.017375687,0.09727569,0.010648627,0.011199215,0.04595843,0.0,0.0061764717,0.05131726,0.0006176472,0.00051523355
0.010648627,0.017375687,0.0916647,0.010648627,0.011764706,0.04595843,0.0,0.005610981,0.045706272,0.0005610981,0.0004588983
0.010648627,0.017375687,0.09727569,0.010648627,0.011764706,0.051286668,0.0,0.005610981,0.04598902,0.0005610981,0.00046173716
0.010648627,0.017375687,0.1132753,0.010648627,0.011764706,0.051286668,0.0,0.005610981,0.06198863,0.0005610981,0.0006223758
0.010648627,0.017375687,0.10485882,0.010648627,0.011764706,0.051286668,0.0,0.005610981,0.053572156,0.0005610981,0.0005378731
0.010648627,0.017375687,0.09755843,0.010648627,0.011199215,0.04595843,0.0,0.0061764717,0.0516,0.0006176472,0.00051807234
0.010648627,0.01989843,0.091947444,0.010648627,0.011199215,0.043152936,0.0,0.008699214,0.048794508,0.0008699214,0.0004899047
0.010648627,0.01989843,0.09755843,0.010648627,0.011199215,0.043152936,0.0,0.008699214,0.054405496,0.0008699214,0.0005462399
0.010648627,0.01989843,0.122525096,0.010648627,0.011199215,0.04595843,0.0,0.008699214,0.07656667,0.0008699214,0.00076874165
0.010648627,0.017375687,0.122525096,0.010648627,0.011764706,0.043152936,0.0,0.005610981,0.07937216,0.0005610981,0.00079690927
0.010648627,0.017375687,0.091947444,0.013171373,0.011764706,0.043152936,-0.002522746,0.005610981,0.048794508,0.0005610981,0.0004899047
0.010648627,0.017375687,0.091947444,0.010648627,0.011199215,0.043152936,0.0,0.0061764717,0.048794508,0.0006176472,0.0004899047
0.010648627,0.017375687,0.10766432,0.010648627,0.011199215,0.043152936,0.0,0.0061764717,0.06451138,0.0006176472,0.00064770464
0.010648627,0.01989843,0.09924785,0.010648627,0.011199215,0.042870194,0.0,0.008699214,0.056377657,0.0008699214,0.00056604075
0.010648627,0.01989843,0.0916647,0.010648627,0.011199215,0.03754196,0.0,0.008699214,0.054122742,0.0008699214,0.00054340105
0.010648627,0.01989843,0.09924785,0.013171373,0.011199215,0.042870194,-0.002522746,0.008699214,0.056377657,0.0008699214,0.00056604075
0.010648627,0.01989843,0.1253306,0.010648627,0.013171373,0.045675687,0.0,0.0067270566,0.07965491,0.00067270565,0.0007997481
0.010648627,0.01989843,0.13374707,0.010648627,0.013736864,0.045675687,0.0,0.006161566,0.08807138,0.0006161566,0.00088425085
0.013171373,0.01989843,0.13094157,0.010648627,0.013736864,0.042870194,0.002522746,0.006161566,0.088071376,0.0006161566,0.0008842508
0.010648627,0.01989843,0.122525096,0.010648627,0.013171373,0.042870194,0.0,0.0067270566,0.0796549,0.00067270565,0.000799748
0.010648627,0.01989843,0.116914116,0.010648627,0.013171373,0.03754196,0.0,0.0067270566,0.07937215,0.00067270565,0.00079690915
0.010648627,0.01989843,0.13094157,0.010648627,0.013171373,0.037824705,0.0,0.0067270566,0.093116865,0.00067270565,0.0009349083
0.010648627,0.01989843,0.14216353,0.010648627,0.013171373,0.043152936,0.0,0.0067270566,0.099010594,0.00067270565,0.0009940823
0.010648627,0.01989843,0.14216353,0.010648627,0.013736864,0.042870194,0.0,0.006161566,0.099293336,0.0006161566,0.0009969211
0.010648627,0.01989843,0.14580236,0.010648627,0.011764706,0.042870194,0.0,0.008133723,0.10293217,0.0008133723,0.0010334555
0.010648627,0.01989843,0.15619099,0.010648627,0.011199215,0.042870194,0.0,0.008699214,0.1133208,0.0008699214,0.0011377591
0.010648627,0.01989843,0.15619099,0.010648627,0.011199215,0.042870194,0.0,0.008699214,0.1133208,0.0008699214,0.0011377591
0.010648627,0.025226668,0.14019138,0.010648627,0.011199215,0.037824705,0.0,0.014027452,0.10236667,0.0014027453,0.0010277778
0.013171373,0.025226668,0.14216353,0.010648627,0.011199215,0.037824705,0.002522746,0.014027452,0.104338825,0.0014027453,0.0010475785
0.013171373,0.025226668,0.14216353,0.010648627,0.011764706,0.042870194,0.002522746,0.013461961,0.099293336,0.0013461962,0.0009969211
0.013171373,0.025226668,0.15816313,0.010648627,0.011764706,0.042870194,0.002522746,0.013461961,0.11529294,0.0013461962,0.0011575596
0.013171373,0.025226668,0.15338549,0.010648627,0.011199215,0.042870194,0.002522746,0.014027452,0.1105153,0.0014027453,0.0011095913
0.013171373,0.01989843,0.15619099,0.010648627,0.011199215,0.042870194,0.002522746,0.008699214,0.1133208,0.0008699214,0.0011377591
0.013171373,0.01989843,0.18705139,0.010648627,0.011199215,0.043152936,0.002522746,0.008699214,0.14389846,0.0008699214,0.0014447636
0.013171373,0.025226668,0.19152354,0.010648627,0.011199215,0.043152936,0.002522746,0.014027452,0.1483706,0.0014027453,0.0014896647
0.010648627,0.025226668,0.16627412,0.010648627,0.011199215,0.037824705,0.0,0.014027452,0.12844941,0.0014027453,0.0012896528
0.010648627,0.025226668,0.16346863,0.010648627,0.011199215,0.043152936,0.0,0.014027452,0.12031569,0.0014027453,0.001207989
0.013171373,0.025226668,0.16346863,0.010648627,0.011199215,0.043152936,0.002522746,0.014027452,0.12031569,0.0014027453,0.001207989
0.013171373,0.025226668,0.15027452,0.010648627,0.011199215,0.043152936,0.002522746,0.014027452,0.10712158,0.0014027453,0.0010755179
0.013171373,0.025226668,0.15027452,0.010648627,0.011764706,0.043152936,0.002522746,0.013461961,0.10712158,0.0013461962,0.0010755179
0.010648627,0.025226668,0.17302392,0.010648627,0.011764706,0.043152936,0.0,0.013461961,0.12987098,0.0013461962,0.0013039255
0.010648627,0.028032158,0.17863491,0.010648627,0.011199215,0.042870194,0.0,0.016832942,0.13576472,0.0016832942,0.0013630996
0.013171373,0.025226668,0.16180196,0.010648627,0.011199215,0.042870194,0.002522746,0.014027452,0.11893177,0.0014027453,0.0011940941
0.010648627,0.025226668,0.14860785,0.010648627,0.011199215,0.042870194,0.0,0.014027452,0.10573766,0.0014027453,0.0010616231
0.010648627,0.025226668,0.1317749,0.010648627,0.011199215,0.042870194,0.0,0.014027452,0.08890471,0.0014027453,0.00089261757
0.010648627,0.025792157,0.15619099,0.010648627,0.011764706,0.043152936,0.0,0.014027451,0.113038056,0.0014027451,0.0011349203
0.013171373,0.025792157,0.17582941,0.010648627,0.011764706,0.037824705,0.002522746,0.014027451,0.1380047,0.0014027451,0.0013855895
0.010648627,0.025792157,0.17021844,0.010648627,0.011199215,0.037824705,0.0,0.014592942,0.13239373,0.0014592942,0.0013292544
0.010648627,0.025792157,0.15338549,0.010648627,0.013171373,0.037824705,0.0,0.012620784,0.115560785,0.0012620784,0.0011602489
0.013171373,0.025792157,0.16180196,0.010648627,0.013171373,0.043152936,0.002522746,0.012620784,0.11864903,0.0012620784,0.0011912553
0.013171373,0.025792157,0.18705139,0.010648627,0.013171373,0.043152936,0.002522746,0.012620784,0.14389846,0.0012620784,0.0014447636
0.010648627,0.025226668,0.15338549,0.010648627,0.013171373,0.042870194,0.0,0.012055295,0.1105153,0.0012055294,0.0011095913
0.010648627,0.025226668,0.14019138,0.010648627,0.011199215,0.03754196,0.0,0.014027452,0.10264942,0.0014027453,0.0010306167
0.010648627,0.025226668,0.15338549,0.010648627,0.011199215,0.03754196,0.0,0.014027452,0.115843534,0.0014027453,0.0011630877
0.010648627,0.01989843,0.14860785,0.010648627,0.011199215,0.03754196,0.0,0.008699214,0.111065894,0.0008699214,0.0011151194
0.013171373,0.01989843,0.14019138,0.013171373,0.011199215,0.042870194,0.0,0.008699214,0.09732118,0.0008699214,0.0009771204
0.013171373,0.01989843,0.14860785,0.010648627,0.011199215,0.042870194,0.002522746,0.008699214,0.10573766,0.0008699214,0.0010616231
0.013171373,0.01989843,0.15338549,0.010648627,0.011199215,0.042870194,0.002522746,0.008699214,0.1105153,0.0008699214,0.0011095913
0.010648627,0.01989843,0.14216353,0.013171373,0.011199215,0.03754196,-0.002522746,0.008699214,0.104621574,0.0008699214,0.0010504174
0.010648627,0.025226668,0.14216353,0.010648627,0.011764706,0.03754196,0.0,0.013461961,0.104621574,0.0013461962,0.0010504174
0.010648627,0.01989843,0.15535764,0.010648627,0.011764706,0.03754196,0.0,0.008133723,0.11781569,0.0008133723,0.0011828884
0.010648627,0.01989843,0.15058,0.010648627,0.011199215,0.03754196,0.0,0.008699214,0.11303805,0.0008699214,0.0011349202
0.010648627,0.025226668,0.13094157,0.010648627,0.011199215,0.042870194,0.0,0.014027452,0.088071376,0.0014027453,0.0008842508
0.013171373,0.025226668,0.1253306,0.013171373,0.011199215,0.03754196,0.0,0.014027452,0.08778864,0.0014027453,0.00088141207
0.010648627,0.01989843,0.116914116,0.013171373,0.011199215,0.03754196,-0.002522746,0.008699214,0.07937215,0.0008699214,0.00079690915
0.010648627,0.01989843,0.1132753,0.013171373,0.011764706,0.03754196,-0.002522746,0.008133723,0.075733334,0.0008133723,0.0007603748
0.010648627,0.01989843,0.09924785,0.010648627,0.011764706,0.03754196,0.0,0.008133723,0.06170589,0.0008133723,0.0006195371
0.010648627,0.01989843,0.10766432,0.010648627,0.011764706,0.042870194,0.0,0.008133723,0.06479412,0.0008133723,0.0006505434
0.010648627,0.01989843,0.14133018,0.010648627,0.013736864,0.03754196,0.0,0.006161566,0.10378823,0.0006161566,0.0010420505
0.010648627,0.01989843,0.14694117,0.010648627,0.013736864,0.03754196,0.0,0.006161566,0.109399214,0.0006161566,0.0010983857
0.010648627,0.01989843,0.10766432,0.010648627,0.013736864,0.03754196,0.0,0.006161566,0.07012236,0.0006161566,0.00070403976
0.010648627,0.01989843,0.0916647,0.013171373,0.013736864,0.03754196,-0.002522746,0.006161566,0.054122742,0.0006161566,0.00054340105
0.010648627,0.01989843,0.09644236,0.010648627,0.013736864,0.03754196,0.0,0.006161566,0.058900397,0.0006161566,0.00059136946
0.010648627,0.017375687,0.10402549,0.010648627,0.013171373,0.042870194,0.0,0.004204314,0.061155297,0.00042043143,0.00061400904
0.010648627,0.017375687,0.10402549,0.013171373,0.011199215,0.042870194,-0.002522746,0.0061764717,0.061155297,0.0006176472,0.00061400904
0.010648627,0.017375687,0.09083137,0.013171373,0.011199215,0.03754196,-0.002522746,0.0061764717,0.05328941,0.0006176472,0.0005350342
0.010648627,0.017375687,0.09841452,0.010648627,0.011199215,0.03754196,0.0,0.0061764717,0.06087256,0.0006176472,0.00061117025
0.010648627,0.01989843,0.09841452,0.010648627,0.011199215,0.03754196,0.0,0.008699214,0.06087256,0.0008699214,0.00061117025
0.010648627,0.01989843,0.09083137,0.010648627,0.011199215,0.03754196,0.0,0.008699214,0.05328941,0.0008699214,0.0005350342
0.010648627,0.01989843,0.088308625,0.010648627,0.011764706,0.03754196,0.0,0.008133723,0.050766665,0.0008133723,0.0005097055
0.010648627,0.01989843,0.088859215,0.010648627,0.011764706,0.03754196,0.0,0.008133723,0.051317256,0.0008133723,0.0005152335
0.010648627,0.017375687,0.1132753,0.010648627,0.011199215,0.03754196,0.0,0.0061764717,0.075733334,0.0006176472,0.0007603748
0.010648627,0.017375687,0.10402549,0.010648627,0.011199215,0.03754196,0.0,0.0061764717,0.06648353,0.0006176472,0.0006675053
0.010648627,0.017375687,0.082980394,0.013171373,0.011199215,0.03754196,-0.002522746,0.0061764717,0.045438435,0.0006176472,0.0004562092
0.010648627,0.017375687,0.09644236,0.010648627,0.011199215,0.03754196,0.0,0.0061764717,0.058900397,0.0006176472,0.00059136946
0.010648627,0.017375687,0.09644236,0.010648627,0.011199215,0.03754196,0.0,0.0061764717,0.058900397,0.0006176472,0.00059136946
0.010648627,0.017375687,0.07428117,0.010648627,0.011199215,0.03754196,0.0,0.0061764717,0.03673921,0.0006176472,0.0003688676
0.010648627,0.017375687,0.07428117,0.010648627,0.011199215,0.03754196,0.0,0.0061764717,0.03673921,0.0006176472,0.0003688676
0.010648627,0.017375687,0.07428117,0.010648627,0.011199215,0.03754196,0.0,0.0061764717,0.03673921,0.0006176472,0.0003688676
0.010648627,0.017375687,0.082980394,0.010648627,0.011199215,0.03754196,0.0,0.0061764717,0.045438435,0.0006176472,0.0004562092
0.013171373,0.017375687,0.09083137,0.010648627,0.013171373,0.042870194,0.002522746,0.004204314,0.047961175,0.00042043143,0.00048153792
0.010648627,0.01989843,0.082980394,0.010648627,0.013171373,0.043152936,0.0,0.0067270566,0.03982746,0.00067270565,0.0003998741
0.010648627,0.01989843,0.088859215,0.010648627,0.013171373,0.037824705,0.0,0.0067270566,0.05103451,0.00067270565,0.0005123947
0.010648627,0.017375687,0.10766432,0.010648627,0.013171373,0.03754196,0.0,0.004204314,0.07012236,0.00042043143,0.00070403976
0.010648627,0.017375687,0.11608078,0.010648627,0.011199215,0.03754196,0.0,0.0061764717,0.07853882,0.0006176472,0.0007885424
0.010648627,0.01989843,0.09755843,0.010648627,0.011199215,0.03754196,0.0,0.008699214,0.060016472,0.0008699214,0.000602575
0.010648627,0.01989843,0.0916647,0.010648627,0.011199215,0.03754196,0.0,0.008699214,0.054122742,0.0008699214,0.00054340105
0.010648627,0.017375687,0.09727569,0.010648627,0.011764706,0.03754196,0.0,0.005610981,0.05973373,0.0005610981,0.00059973623
0.010648627,0.017375687,0.10485882,0.010648627,0.011764706,0.03754196,0.0,0.005610981,0.06731686,0.0005610981,0.0006758721
0.010648627,0.017375687,0.1132753,0.010648627,0.011199215,0.03754196,0.0,0.0061764717,0.075733334,0.0006176472,0.0007603748
0.010648627,0.01989843,0.11608078,0.010648627,0.011199215,0.03754196,0.0,0.008699214,0.07853882,0.0008699214,0.0007885424
0.010648627,0.01989843,0.11608078,0.010648627,0.011199215,0.03754196,0.0,0.008699214,0.07853882,0.0008699214,0.0007885424
0.010648627,0.01989843,0.10766432,0.010648627,0.011199215,0.03754196,0.0,0.008699214,0.07012236,0.0008699214,0.00070403976
0.010648627,0.01989843,0.10766432,0.010648627,0.011199215,0.037824705,0.0,0.008699214,0.06983961,0.0008699214,0.0007012009
0.010648627,0.01989843,0.10485882,0.010648627,0.011199215,0.037824705,0.0,0.008699214,0.06703412,0.0008699214,0.0006730333
0.010648627,0.01989843,0.09727569,0.010648627,0.011199215,0.03754196,0.0,0.008699214,0.05973373,0.0008699214,0.00059973623
0.010648627,0.01989843,0.105692156,0.010648627,0.011199215,0.03754196,0.0,0.008699214,0.06815019,0.0008699214,0.0006842389
0.010648627,0.01989843,0.11410863,0.010648627,0.011199215,0.035019215,0.0,0.008699214,0.07908942,0.0008699214,0.0007940705
0.010648627,0.01989843,0.13094157,0.010648627,0.011199215,0.035019215,0.0,0.008699214,0.09592235,0.0008699214,0.00096307584
0.010648627,0.01989843,0.15058,0.010648627,0.011764706,0.03754196,0.0,0.008133723,0.11303805,0.0008133723,0.0011349202
0.010648627,0.01989843,0.13374707,0.010648627,0.011764706,0.03754196,0.0,0.008133723,0.096205115,0.0008133723,0.0009659148
0.010648627,0.01989843,0.1253306,0.010648627,0.011764706,0.03754196,0.0,0.008133723,0.08778864,0.0008133723,0.00088141207
0.010648627,0.01989843,0.13094157,0.010648627,0.011764706,0.03754196,0.0,0.008133723,0.093399614,0.0008133723,0.0009377471
0.010648627,0.01989843,0.13094157,0.010648627,0.011199215,0.03754196,0.0,0.008699214,0.093399614,0.0008699214,0.0009377471
0.013171373,0.01989843,0.122525096,0.010648627,0.011199215,0.03754196,0.002522746,0.008699214,0.08498314,0.0008699214,0.0008532444
0.013171373,0.01989843,0.13374707,0.010648627,0.011199215,0.03754196,0.002522746,0.008699214,0.096205115,0.0008699214,0.0009659148
0.013171373,0.01989843,0.14216353,0.010648627,0.011199215,0.035019215,0.002522746,0.008699214,0.10714431,0.0008699214,0.0010757461
0.013171373,0.01989843,0.11410863,0.013171373,0.011199215,0.035019215,0.0,0.008699214,0.07908942,0.0008699214,0.0007940705
0.013171373,0.01989843,0.1253306,0.010648627,0.011199215,0.03754196,0.002522746,0.008699214,0.08778864,0.0008699214,0.00088141207
0.010648627,0.01989843,0.14216353,0.010648627,0.011199215,0.03754196,0.0,0.008699214,0.104621574,0.0008699214,0.0010504174
0.010648627,0.01989843,0.13738589,0.010648627,0.011199215,0.03754196,0.0,0.008699214,0.099843934,0.0008699214,0.0010024492
0.010648627,0.017375687,0.14580236,0.010648627,0.011764706,0.03754196,0.0,0.005610981,0.10826041,0.0005610981,0.0010869519
0.010648627,0.017375687,0.1637741,0.010648627,0.009241961,0.03754196,0.0,0.008133726,0.12623215,0.0008133726,0.001267391
0.010648627,0.01989843,0.14777452,0.010648627,0.008676471,0.03754196,0.0,0.011221958,0.11023256,0.0011221959,0.0011067527
0.010648627,0.01989843,0.1132753,0.010648627,0.011199215,0.03754196,0.0,0.008699214,0.075733334,0.0008699214,0.0007603748
0.010648627,0.01989843,0.10766432,0.010648627,0.011199215,0.03754196,0.0,0.008699214,0.07012236,0.0008699214,0.00070403976
0.010648627,0.01989843,0.1132753,0.010648627,0.013171373,0.03754196,0.0,0.0067270566,0.075733334,0.00067270565,0.0007603748
0.010648627,0.01989843,0.12169176,0.010648627,0.013171373,0.03754196,0.0,0.0067270566,0.08414981,0.00067270565,0.0008448776
0.010648627,0.017375687,0.1132753,0.010648627,0.013171373,0.03754196,0.0,0.004204314,0.075733334,0.00042043143,0.0007603748
0.010648627,0.017375687,0.1132753,0.010648627,0.013171373,0.035019215,0.0,0.004204314,0.078256086,0.00042043143,0.00078570365
0.010648627,0.01989843,0.12169176,0.010648627,0.011199215,0.035019215,0.0,0.008699214,0.086672544,0.0008699214,0.0008702063
0.010648627,0.01989843,0.11608078,0.010648627,0.011199215,0.035019215,0.0,0.008699214,0.08106157,0.0008699214,0.0008138712
0.010648627,0.01989843,0.09924785,0.010648627,0.011199215,0.035019215,0.0,0.008699214,0.06422864,0.0008699214,0.00064486585
0.010648627,0.01989843,0.08353098,0.010648627,0.011199215,0.035019215,0.0,0.008699214,0.048511762,0.0008699214,0.0004870659
0.010648627,0.01989843,0.0824149,0.010648627,0.011199215,0.035019215,0.0,0.008699214,0.047395688,0.0008699214,0.00047586032
0.010648627,0.017375687,0.0824149,0.010648627,0.011199215,0.03754196,0.0,0.0061764717,0.044872943,0.0006176472,0.00045053157
0.010648627,0.01989843,0.082980394,0.010648627,0.011199215,0.03754196,0.0,0.008699214,0.045438435,0.0008699214,0.0004562092
0.010648627,0.01989843,0.07484666,0.010648627,0.011199215,0.03754196,0.0,0.008699214,0.037304703,0.0008699214,0.00037454523
0.010648627,0.017375687,0.082980394,0.010648627,0.011199215,0.03754196,0.0,0.0061764717,0.045438435,0.0006176472,0.0004562092
0.010648627,0.017375687,0.08802588,0.010648627,0.011199215,0.03697647,0.0,0.0061764717,0.05104941,0.0006176472,0.0005125443
0.010648627,0.017375687,0.07428117,0.013171373,0.011199215,0.03697647,-0.002522746,0.0061764717,0.0373047,0.0006176472,0.00037454517
0.010648627,0.011764706,0.071758434,0.010648627,0.011199215,0.03697647,0.0,0.0005654907,0.034781963,5.654907e-05,0.00034921648
0.010648627,0.011764706,0.07428117,0.010648627,0.011199215,0.03697647,0.0,0.0005654907,0.0373047,5.654907e-05,0.00037454517
0.013171373,0.011764706,0.07428117,0.010648627,0.011199215,0.03754196,0.002522746,0.0005654907,0.03673921,5.654907e-05,0.0003688676
0.010648627,0.011764706,0.07428117,0.010648627,0.011199215,0.035019215,0.0,0.0005654907,0.039261956,5.654907e-05,0.00039419634
0.010648627,0.017375687,0.07428117,0.010648627,0.011199215,0.035019215,0.0,0.0061764717,0.039261956,0.0006176472,0.00039419634
0.010648627,0.017375687,0.07960941,0.010648627,0.011199215,0.03754196,0.0,0.0061764717,0.04206745,0.0006176472,0.00042236396
0.010648627,0.017375687,0.07960941,0.010648627,0.011764706,0.03754196,0.0,0.005610981,0.04206745,0.0005610981,0.00042236396
0.010648627,0.017375687,0.06840235,0.010648627,0.011764706,0.03754196,0.0,0.005610981,0.03086039,0.0005610981,0.00030984328
0.010648627,0.017375687,0.06503137,0.010648627,0.011764706,0.035019215,0.0,0.005610981,0.030012157,0.0005610981,0.0003013269
0.010648627,0.017375687,0.06783686,0.010648627,0.011764706,0.035019215,0.0,0.005610981,0.032817643,0.0005610981,0.00032949442
0.010648627,0.011764706,0.06503137,0.010648627,0.011764706,0.03754196,0.0,0.0,0.027489413,0.0,0.0002759981
0.010648627,0.011764706,0.06783686,0.010648627,0.011764706,0.035019215,0.0,0.0,0.032817643,0.0,0.00032949442
0.010648627,0.017375687,0.07597059,0.010648627,0.011764706,0.035019215,0.0,0.005610981,0.040951375,0.0005610981,0.0004111584
0.010648627,0.011764706,0.06503137,0.010648627,0.011764706,0.03754196,0.0,0.0,0.027489413,0.0,0.0002759981
0.010648627,0.011764706,0.05156941,0.010648627,0.011199215,0.03754196,0.0,0.0005654907,0.01402745,5.654907e-05,0.00014083786
0.010648627,0.011764706,0.05858706,0.010648627,0.011199215,0.035019215,0.0,0.0005654907,0.023567844,5.654907e-05,0.00023662494
0.010648627,0.011764706,0.05858706,0.010648627,0.011199215,0.035019215,0.0,0.0005654907,0.023567844,5.654907e-05,0.00023662494
0.010648627,0.011764706,0.059420396,0.010648627,0.011199215,0.03754196,0.0,0.0005654907,0.021878436,5.654907e-05,0.00021966302
0.010648627,0.011764706,0.059420396,0.010648627,0.011199215,0.035019215,0.0,0.0005654907,0.02440118,5.654907e-05,0.00024499177
0.010648627,0.011764706,0.053809416,0.010648627,0.011199215,0.035019215,0.0,0.0005654907,0.0187902,5.654907e-05,0.00018865663
0.010648627,0.011764706,0.053809416,0.010648627,0.011199215,0.03754196,0.0,0.0005654907,0.016267456,5.654907e-05,0.00016332787
0.010648627,0.011764706,0.05297608,0.010648627,0.011199215,0.035019215,0.0,0.0005654907,0.017956864,5.654907e-05,0.0001802898
0.010648627,0.011764706,0.051286668,0.010648627,0.011199215,0.035019215,0.0,0.0005654907,0.016267452,5.654907e-05,0.00016332784
0.010648627,0.011764706,0.04595843,0.010648627,0.011199215,0.035019215,0.0,0.0005654907,0.010939214,5.654907e-05,0.00010983147
0.010648627,0.011764706,0.04595843,0.010648627,0.011199215,0.035019215,0.0,0.0005654907,0.010939214,5.654907e-05,0.00010983147
0.010648627,0.011764706,0.04595843,0.010648627,0.011199215,0.035019215,0.0,0.0005654907,0.010939214,5.654907e-05,0.00010983147
0.010648627,0.011764706,0.04595843,0.010648627,0.011199215,0.03754196,0.0,0.0005654907,0.00841647,5.654907e-05,8.450272e-05
0.010648627,0.011764706,0.051286668,0.010648627,0.011199215,0.035019215,0.0,0.0005654907,0.016267452,5.654907e-05,0.00016332784
0.010648627,0.011764706,0.051286668,0.010648627,0.011199215,0.035019215,0.0,0.0005654907,0.016267452,5.654907e-05,0.00016332784
0.010648627,0.011764706,0.051286668,0.010648627,0.011199215,0.035019215,0.0,0.0005654907,0.016267452,5.654907e-05,0.00016332784
0.010648627,0.011764706,0.051286668,0.010648627,0.011199215,0.035019215,0.0,0.0005654907,0.016267452,5.654907e-05,0.00016332784
0.010648627,0.013736864,0.051286668,0.010648627,0.011199215,0.035019215,0.0,0.0025376482,0.016267452,0.00025376483,0.00016332784
0.010648627,0.013736864,0.045675687,0.010648627,0.011199215,0.03754196,0.0,0.0025376482,0.008133728,0.00025376483,8.166394e-05
0.010648627,0.013736864,0.042870194,0.010648627,0.013171373,0.035019215,0.0,0.0005654907,0.0078509785,5.654907e-05,7.882508e-05
0.010648627,0.013736864,0.045675687,0.010648627,0.013171373,0.035019215,0.0,0.0005654907,0.010656472,5.654907e-05,0.000106992695
0.010648627,0.013736864,0.04650902,0.010648627,0.013171373,0.035019215,0.0,0.0005654907,0.011489805,5.654907e-05,0.000115359486
0.010648627,0.013736864,0.046791762,0.010648627,0.013171373,0.03754196,0.0,0.0005654907,0.009249803,5.654907e-05,9.286951e-05
0.010648627,0.013736864,0.043152936,0.010648627,0.011199215,0.035019215,0.0,0.0025376482,0.008133721,0.00025376483,8.1663864e-05
0.010648627,0.013736864,0.043152936,0.010648627,0.011199215,0.02969098,0.0,0.0025376482,0.013461955,0.00025376483,0.0001351602
0.010648627,0.013736864,0.037824705,0.013171373,0.011199215,0.035019215,-0.002522746,0.0025376482,0.00280549,0.00025376483,2.8167571e-05
0.010648627,0.013736864,0.042870194,0.010648627,0.011199215,0.035019215,0.0,0.0025376482,0.0078509785,0.00025376483,7.882508e-05
0.010648627,0.011764706,0.045675687,0.010648627,0.011199215,0.035019215,0.0,0.0005654907,0.010656472,5.654907e-05,0.000106992695
0.010648627,0.011764706,0.045675687,0.010648627,0.011199215,0.035019215,0.0,0.0005654907,0.010656472,5.654907e-05,0.000106992695
0.010648627,0.011764706,0.042870194,0.013171373,0.011199215,0.035019215,-0.002522746,0.0005654907,0.0078509785,5.654907e-05,7.882508e-05
0.010648627,0.011764706,0.042870194,0.010648627,0.011199215,0.035019215,0.0,0.0005654907,0.0078509785,5.654907e-05,7.882508e-05
0.010648627,0.011764706,0.042870194,0.010648627,0.011199215,0.035019215,0.0,0.0005654907,0.0078509785,5.654907e-05,7.882508e-05
0.010648627,0.011764706,0.03754196,0.010648627,0.011764706,0.035019215,0.0,0.0,0.0025227442,0.0,2.5328758e-05
0.010648627,0.011764706,0.03754196,0.010648627,0.011764706,0.035019215,0.0,0.0,0.0025227442,0.0,2.5328758e-05
0.010648627,0.011764706,0.03754196,0.010648627,0.011764706,0.035019215,0.0,0.0,0.0025227442,0.0,2.5328758e-05
0.010648627,0.011764706,0.03754196,0.010648627,0.011764706,0.035019215,0.0,0.0,0.0025227442,0.0,2.5328758e-05
0.010648627,0.011764706,0.03754196,0.010648627,0.011764706,0.035019215,0.0,0.0,0.0025227442,0.0,2.5328758e-05
0.010648627,0.011764706,0.03754196,0.010648627,0.013736864,0.035019215,0.0,-0.0019721575,0.0025227442,-0.00019721575,2.5328758e-05
0.010648627,0.011764706,0.03754196,0.010648627,0.013171373,0.035019215,0.0,-0.0014066668,0.0025227442,-0.00014066669,2.5328758e-05
0.010648627,0.011764706,0.03754196,0.010648627,0.013171373,0.035019215,0.0,-0.0014066668,0.0025227442,-0.00014066669,2.5328758e-05
0.010648627,0.011764706,0.03754196,0.010648627,0.013171373,0.035019215,0.0,-0.0014066668,0.0025227442,-0.00014066669,2.5328758e-05
0.010648627,0.011764706,0.035019215,0.010648627,0.013171373,0.035019215,0.0,-0.0014066668,0.0,-0.00014066669,0.0
0.010648627,0.011764706,0.035019215,0.010648627,0.013171373,0.035019215,0.0,-0.0014066668,0.0,-0.00014066669,0.0
0.010648627,0.011764706,0.03754196,0.010648627,0.011199215,0.035019215,0.0,0.0005654907,0.0025227442,5.654907e-05,2.5328758e-05
0.010648627,0.011764706,0.03754196,0.010648627,0.011199215,0.035019215,0.0,0.0005654907,0.0025227442,5.654907e-05,2.5328758e-05
0.010648627,0.011764706,0.03754196,0.010648627,0.011199215,0.035019215,0.0,0.0005654907,0.0025227442,5.654907e-05,2.5328758e-05
0.010648627,0.011764706,0.03754196,0.010648627,0.011199215,0.035019215,0.0,0.0005654907,0.0025227442,5.654907e-05,2.5328758e-05
0.010648627,0.013736864,0.03754196,0.010648627,0.013171373,0.035019215,0.0,0.0005654907,0.0025227442,5.654907e-05,2.5328758e-05
0.010648627,0.013736864,0.035019215,0.010648627,0.013171373,0.02969098,0.0,0.0005654907,0.0053282343,5.654907e-05,5.349633e-05
0.010648627,0.013736864,0.035019215,0.010648627,0.013171373,0.02969098,0.0,0.0005654907,0.0053282343,5.654907e-05,5.349633e-05
0.010648627,0.013736864,0.03754196,0.010648627,0.013171373,0.035019215,0.0,0.0005654907,0.0025227442,5.654907e-05,2.5328758e-05
0.010648627,0.011764706,0.03754196,0.010648627,0.013171373,0.035019215,0.0,-0.0014066668,0.0025227442,-0.00014066669,2.5328758e-05
0.010648627,0.011764706,0.035019215,0.010648627,0.013171373,0.035019215,0.0,-0.0014066668,0.0,-0.00014066669,0.0
0.010648627,0.011764706,0.03754196,0.010648627,0.013171373,0.034185883,0.0,-0.0014066668,0.0033560768,-0.00014066669,3.369555e-05
0.010648627,0.011764706,0.03754196,0.010648627,0.013736864,0.034185883,0.0,-0.0019721575,0.0033560768,-0.00019721575,3.369555e-05
0.010648627,0.011764706,0.03754196,0.010648627,0.013736864,0.034185883,0.0,-0.0019721575,0.0033560768,-0.00019721575,3.369555e-05
0.010648627,0.011764706,0.03754196,0.010648627,0.013736864,0.034185883,0.0,-0.0019721575,0.0033560768,-0.00019721575,3.369555e-05
0.010648627,0.011764706,0.03754196,0.010648627,0.013736864,0.035019215,0.0,-0.0019721575,0.0025227442,-0.00019721575,2.5328758e-05
0.010648627,0.011764706,0.035019215,0.010648627,0.013736864,0.035019215,0.0,-0.0019721575,0.0,-0.00019721575,0.0
0.010648627,0.011764706,0.035019215,0.010648627,0.011764706,0.03754196,0.0,0.0,-0.0025227442,0.0,-2.5328758e-05
0.010648627,0.011764706,0.03754196,0.010648627,0.011764706,0.03754196,0.0,0.0,0.0,0.0,0.0
0.010648627,0.011764706,0.035019215,0.010648627,0.011764706,0.035019215,0.0,0.0,0.0,0.0,0.0
0.010648627,0.011764706,0.035019215,0.010648627,0.011764706,0.035019215,0.0,0.0,0.0,0.0,0.0
0.010648627,0.011764706,0.035019215,0.010648627,0.011764706,0.035019215,0.0,0.0,0.0,0.0,0.0
0.010648627,0.011764706,0.035019215,0.010648627,0.011199215,0.035019215,0.0,0.0005654907,0.0,5.654907e-05,0.0
0.010648627,0.011764706,0.034185883,0.010648627,0.011199215,0.035019215,0.0,0.0005654907,-0.00083333254,5.654907e-05,-8.366793e-06
0.010648627,0.011764706,0.036708627,0.010648627,0.011199215,0.03754196,0.0,0.0005654907,-0.00083333254,5.654907e-05,-8.366793e-06
0.010648627,0.011764706,0.034185883,0.010648627,0.011199215,0.035019215,0.0,0.0005654907,-0.00083333254,5.654907e-05,-8.366793e-06
0.010648627,0.011764706,0.034185883,0.010648627,0.011199215,0.035019215,0.0,0.0005654907,-0.00083333254,5.654907e-05,-8.366793e-06
0.010648627,0.011764706,0.03754196,0.010648627,0.011199215,0.035019215,0.0,0.0005654907,0.0025227442,5.654907e-05,2.5328758e-05
0.010648627,0.011764706,0.035019215,0.010648627,0.011199215,0.035019215,0.0,0.0005654907,0.0,5.654907e-05,0.0
0.010648627,0.013736864,0.035019215,0.010648627,0.011199215,0.03754196,0.0,0.0025376482,-0.0025227442,0.00025376483,-2.5328758e-05
0.010648627,0.013736864,0.03754196,0.010648627,0.011199215,0.035019215,0.0,0.0025376482,0.0025227442,0.00025376483,2.5328758e-05
0.010648627,0.013736864,0.03754196,0.010648627,0.011199215,0.035019215,0.0,0.0025376482,0.0025227442,0.00025376483,2.5328758e-05
0.010648627,0.013736864,0.03754196,0.010648627,0.011199215,0.035019215,0.0,0.0025376482,0.0025227442,0.00025376483,2.5328758e-05
0.010648627,0.011764706,0.03754196,0.010648627,0.011199215,0.035019215,0.0,0.0005654907,0.0025227442,5.654907e-05,2.5328758e-05
0.010648627,0.011764706,0.03754196,0.010648627,0.011199215,0.035019215,0.0,0.0005654907,0.0025227442,5.654907e-05,2.5328758e-05
0.010648627,0.011764706,0.03754196,0.010648627,0.011199215,0.035019215,0.0,0.0005654907,0.0025227442,5.654907e-05,2.5328758e-05
0.010648627,0.011764706,0.035019215,0.010648627,0.011199215,0.035019215,0.0,0.0005654907,0.0,5.654907e-05,0.0
0.010648627,0.011764706,0.035019215,0.010648627,0.011199215,0.035019215,0.0,0.0005654907,0.0,5.654907e-05,0.0
0.010648627,0.011764706,0.035019215,0.010648627,0.011764706,0.035019215,0.0,0.0,0.0,0.0,0.0
0.010648627,0.011764706,0.035019215,0.010648627,0.011764706,0.035019215,0.0,0.0,0.0,0.0,0.0
0.010648627,0.011764706,0.035019215,0.010648627,0.011764706,0.035019215,0.0,0.0,0.0,0.0,0.0
0.010648627,0.011764706,0.03754196,0.010648627,0.013736864,0.035019215,0.0,-0.0019721575,0.0025227442,-0.00019721575,2.5328758e-05
0.010648627,0.011764706,0.035019215,0.010648627,0.013171373,0.035019215,0.0,-0.0014066668,0.0,-0.00014066669,0.0
0.010648627,0.011764706,0.035019215,0.010648627,0.013171373,0.035019215,0.0,-0.0014066668,0.0,-0.00014066669,0.0
0.010648627,0.011764706,0.035019215,0.010648627,0.013171373,0.035019215,0.0,-0.0014066668,0.0,-0.00014066669,0.0
0.010648627,0.011764706,0.035019215,0.010648627,0.013171373,0.02969098,0.0,-0.0014066668,0.0053282343,-0.00014066669,5.349633e-05
0.010648627,0.011199215,0.035019215,0.010648627,0.013736864,0.02969098,0.0,-0.0025376482,0.0053282343,-0.00025376483,5.349633e-05
0.010648627,0.011199215,0.035019215,0.010648627,0.013736864,0.034185883,0.0,-0.0025376482,0.00083333254,-0.00025376483,8.366793e-06
0.010648627,0.011199215,0.035019215,0.010648627,0.013736864,0.034185883,0.0,-0.0025376482,0.00083333254,-0.00025376483,8.366793e-06
0.010648627,0.008676471,0.02969098,0.010648627,0.013736864,0.034185883,0.0,-0.0050603924,-0.0044949017,-0.00050603924,-4.5129535e-05
0.010648627,0.008676471,0.035019215,0.010648627,0.013171373,0.034185883,0.0,-0.0044949017,0.00083333254,-0.00044949018,8.366793e-06
0.010648627,0.011199215,0.035019215,0.010648627,0.013171373,0.034185883,0.0,-0.0019721575,0.00083333254,-0.00019721575,8.366793e-06
0.010648627,0.011199215,0.02969098,0.010648627,0.013171373,0.033620395,0.0,-0.0019721575,-0.003929414,-0.00019721575,-3.945195e-05
0.010648627,0.011199215,0.035019215,0.010648627,0.013171373,0.034453727,0.0,-0.0019721575,0.0005654879,-0.00019721575,5.6775893e-06
0.010648627,0.011199215,0.035019215,0.010648627,0.013171373,0.034453727,0.0,-0.0019721575,0.0005654879,-0.00019721575,5.6775893e-06
0.010648627,0.013171373,0.035019215,0.010648627,0.013171373,0.034453727,0.0,0.0,0.0005654879,0.0,5.6775893e-06
0.010648627,0.013736864,0.035019215,0.010648627,0.013171373,0.035019215,0.0,0.0005654907,0.0,5.654907e-05,0.0
0.010648627,0.013736864,0.035019215,0.010648627,0.013171373,0.035019215,0.0,0.0005654907,0.0,5.654907e-05,0.0
0.010648627,0.013736864,0.02969098,0.010648627,0.013736864,0.035019215,0.0,0.0,-0.0053282343,0.0,-5.349633e-05
0.010648627,0.011764706,0.034185883,0.010648627,0.013736864,0.035019215,0.0,-0.0019721575,-0.00083333254,-0.00019721575,-8.366793e-06
0.010648627,0.011199215,0.034185883,0.010648627,0.013736864,0.035019215,0.0,-0.0025376482,-0.00083333254,-0.00025376483,-8.366793e-06
0.010648627,0.011199215,0.034185883,0.010648627,0.013736864,0.035019215,0.0,-0.0025376482,-0.00083333254,-0.00025376483,-8.366793e-06
0.010648627,0.011199215,0.034185883,0.010648627,0.010648627,0.035019215,0.0,0.0005505886,-0.00083333254,5.505886e-05,-8.366793e-06
0.010648627,0.011199215,0.035019215,0.010648627,0.010648627,0.035019215,0.0,0.0005505886,0.0,5.505886e-05,0.0
0.010648627,0.011199215,0.035019215,0.010648627,0.010648627,0.02969098,0.0,0.0005505886,0.0053282343,5.505886e-05,5.349633e-05
0.010648627,0.013171373,0.035019215,0.010648627,0.010648627,0.034185883,0.0,0.002522746,0.00083333254,0.00025227462,8.366793e-06
0.010648627,0.013171373,0.035019215,0.010648627,0.013171373,0.034185883,0.0,0.0,0.00083333254,0.0,8.366793e-06
0.010648627,0.013171373,0.034185883,0.010648627,0.013171373,0.034185883,0.0,0.0,0.0,0.0,0.0
0.010648627,0.013736864,0.034185883,0.010648627,0.013171373,0.034185883,0.0,0.0005654907,0.0,5.654907e-05,0.0
0.010648627,0.011764706,0.035019215,0.010648627,0.013171373,0.035019215,0.0,-0.0014066668,0.0,-0.00014066669,0.0
0.010648627,0.011764706,0.035019215,0.010648627,0.013171373,0.035019215,0.0,-0.0014066668,0.0,-0.00014066669,0.0
0.010648627,0.011764706,0.034185883,0.010648627,0.013171373,0.035019215,0.0,-0.0014066668,-0.00083333254,-0.00014066669,-8.366793e-06
0.010648627,0.011764706,0.034185883,0.010648627,0.013171373,0.035019215,0.0,-0.0014066668,-0.00083333254,-0.00014066669,-8.366793e-06
0.010648627,0.011764706,0.034185883,0.010648627,0.011199215,0.035019215,0.0,0.0005654907,-0.00083333254,5.654907e-05,-8.366793e-06
0.010648627,0.011764706,0.034185883,0.010648627,0.011199215,0.035019215,0.0,0.0005654907,-0.00083333254,5.654907e-05,-8.366793e-06
0.010648627,0.011764706,0.034185883,0.010648627,0.011199215,0.034185883,0.0,0.0005654907,0.0,5.654907e-05,0.0
0.010648627,0.011764706,0.028857648,0.010648627,0.011199215,0.034185883,0.0,0.0005654907,-0.0053282343,5.654907e-05,-5.349633e-05
0.010648627,0.011764706,0.02969098,0.010648627,0.008676471,0.034185883,0.0,0.003088235,-0.0044949017,0.00030882348,-4.5129535e-05
0.010648627,0.011764706,0.035019215,0.010648627,0.008676471,0.034185883,0.0,0.003088235,0.00083333254,0.00030882348,8.366793e-06
0.010648627,0.011764706,0.035019215,0.010648627,0.013171373,0.02969098,0.0,-0.0014066668,0.0053282343,-0.00014066669,5.349633e-05
0.010648627,0.011764706,0.035019215,0.010648627,0.013171373,0.02969098,0.0,-0.0014066668,0.0053282343,-0.00014066669,5.349633e-05
0.010648627,0.011764706,0.035019215,0.010648627,0.013171373,0.035019215,0.0,-0.0014066668,0.0,-0.00014066669,0.0
0.010648627,0.011199215,0.02969098,0.010648627,0.013171373,0.02969098,0.0,-0.0019721575,0.0,-0.00019721575,0.0
0.010648627,0.011199215,0.02969098,0.010648627,0.013171373,0.028857648,0.0,-0.0019721575,0.00083333254,-0.00019721575,8.366793e-06
0.010648627,0.011199215,0.035019215,0.010648627,0.013736864,0.028857648,0.0,-0.0025376482,0.006161567,-0.00025376483,6.1863124e-05
0.010648627,0.011199215,0.035019215,0.010648627,0.013736864,0.028857648,0.0,-0.0025376482,0.006161567,-0.00025376483,6.1863124e-05
0.010648627,0.011764706,0.035019215,0.010648627,0.013171373,0.028857648,0.0,-0.0014066668,0.006161567,-0.00014066669,6.1863124e-05
0.010648627,0.013736864,0.035019215,0.010648627,0.013171373,0.034185883,0.0,0.0005654907,0.00083333254,5.654907e-05,8.366793e-06
0.010648627,0.013736864,0.035019215,0.010648627,0.013171373,0.028857648,0.0,0.0005654907,0.006161567,5.654907e-05,6.1863124e-05
0.010648627,0.013736864,0.035019215,0.010648627,0.013171373,0.028857648,0.0,0.0005654907,0.006161567,5.654907e-05,6.1863124e-05
0.010648627,0.013736864,0.035019215,0.010648627,0.013171373,0.034185883,0.0,0.0005654907,0.00083333254,5.654907e-05,8.366793e-06
0.010648627,0.011764706,0.035019215,0.010648627,0.008676471,0.034185883,0.0,0.003088235,0.00083333254,0.00030882348,8.366793e-06
0.010648627,0.011764706,0.035019215,0.010648627,0.008676471,0.034185883,0.0,0.003088235,0.00083333254,0.00030882348,8.366793e-06
0.010648627,0.011764706,0.035019215,0.010648627,0.013171373,0.035019215,0.0,-0.0014066668,0.0,-0.00014066669,0.0
0.010648627,0.011764706,0.035019215,0.010648627,0.010648627,0.035019215,0.0,0.0011160793,0.0,0.00011160793,0.0
0.010648627,0.011764706,0.035019215,0.010648627,0.010648627,0.035019215,0.0,0.0011160793,0.0,0.00011160793,0.0
0.010648627,0.011764706,0.035019215,0.010648627,0.010648627,0.035019215,0.0,0.0011160793,0.0,0.00011160793,0.0
0.010648627,0.011764706,0.035019215,0.010648627,0.010648627,0.035019215,0.0,0.0011160793,0.0,0.00011160793,0.0
0.010648627,0.011764706,0.035019215,0.010648627,0.013171373,0.035019215,0.0,-0.0014066668,0.0,-0.00014066669,0.0
0.010648627,0.011764706,0.035019215,0.010648627,0.013171373,0.035019215,0.0,-0.0014066668,0.0,-0.00014066669,0.0
0.010648627,0.011764706,0.035019215,0.013171373,0.013171373,0.035019215,-0.002522746,-0.0014066668,0.0,-0.00014066669,0.0
